,Rank,Country,Name,Publisher,Category,Rating,Price,Rating_count,Date
0,1,Singapore,PewPewPew - Fingergun,承远 李,Entertainment,5.0,0.98,3,2024-12-30
1,2,Singapore,Pocket God,Bolt Creative,Entertainment,3.0,0.98,15,2024-12-30
2,3,Singapore,Universe Splitter,Aerfish LLC,Entertainment,5.0,2.98,1,2024-12-30
3,4,Singapore,Ghostly Detector,Kai Chi Tsao,Entertainment,5.0,0.98,2,2024-12-30
4,5,Singapore,完蛋！我被美女包围了！,"GUANGZHOU XIAOYOU CONTENT INTERACTIVE ENTERTAINMENT CO., LTD.",Entertainment,0.0,0.98,0,2024-12-30
5,6,Singapore,Merge Watermelon 4 Watch,长金 胡,Entertainment,0.0,0.98,0,2024-12-30
6,7,Singapore,Bingo Generator & Caller,Marc Bouwman,Entertainment,0.0,0.98,0,2024-12-30
7,8,Singapore,Groic : Listen music togther,Sambhav Jain,Entertainment,5.0,0.98,6,2024-12-30
8,9,Singapore,Myasian TV,Quynh Dau,Entertainment,3.0,2.98,2,2024-12-30
9,10,Singapore,freeland,力 杨,Entertainment,4.0,2.98,1,2024-12-30
10,11,Singapore,Vidi · Media Center,Plata o Plomo AB,Entertainment,0.0,6.98,0,2024-12-30
11,12,Singapore,IPTV Smart Pro - 4K Live TV,Mehmet Akif Saroglu,Entertainment,0.0,3.98,0,2024-12-30
12,13,Singapore,Quartermaster,Sean Rogers,Entertainment,3.0,9.98,2,2024-12-30
13,14,Singapore,Audio Assistant for Avalon,Omar Mustafa,Entertainment,3.5,0.98,4,2024-12-30
14,15,Singapore,RenpyReader,Ludan Cui,Entertainment,0.0,5.98,0,2024-12-30
15,16,Singapore,brick break for watch,活鹏 麦,Entertainment,0.0,0.98,0,2024-12-30
16,17,Singapore,Akinator VIP,Elokence,Entertainment,4.3,5.98,10,2024-12-30
17,18,Singapore,nPlayer,Newin Inc.,Entertainment,4.69,6.98,64,2024-12-30
18,19,Singapore,Digital Magic Trick,Mikael Montier,Entertainment,4.0,2.98,1,2024-12-30
19,20,Singapore,8 Nights,Jonathan Judelson,Entertainment,0.0,0.98,0,2024-12-30
20,21,Singapore,AVPlayer,EPLAYWORKS,Entertainment,4.09,3.98,22,2024-12-30
21,22,Singapore,1500 Ringtones Unlimited - Download the best iPhone Ringtones,Mobgen Apps Inc,Entertainment,1.0,0.98,1,2024-12-30
22,23,Singapore,OPlayer - video player,"Suzhou Totoro Network Technology Co., Ltd.",Entertainment,4.76,3.98,82,2024-12-30
23,24,Singapore,VLC Streamer Pro,Hobbyist Software Limited,Entertainment,4.79,9.98,28,2024-12-30
24,25,Singapore,Custom Alert Tones & Sounds,Mobgen Apps Inc,Entertainment,4.0,0.98,4,2024-12-30
25,1,Singapore,PewPewPew - Fingergun,承远 李,Entertainment,5.0,0.98,3,2024-12-31
26,2,Singapore,Pocket God,Bolt Creative,Entertainment,3.0,0.98,15,2024-12-31
27,3,Singapore,Alien10,Saddiq Rahim,Entertainment,5.0,2.98,6,2024-12-31
28,4,Singapore,iComics,XD Digital Pty Ltd,Entertainment,4.82,0.98,38,2024-12-31
29,5,Singapore,iSTB,Nihal Ahmed,Entertainment,5.0,19.98,2,2024-12-31
30,6,Singapore,Disney Stickers: Moana 2,Disney,Entertainment,0.0,2.98,0,2024-12-31
31,7,Singapore,Merge Watermelon 4 Watch,长金 胡,Entertainment,0.0,0.98,0,2024-12-31
32,8,Singapore,Universe Splitter,Aerfish LLC,Entertainment,5.0,2.98,1,2024-12-31
33,9,Singapore,Ghostly Detector,Kai Chi Tsao,Entertainment,5.0,0.98,2,2024-12-31
34,10,Singapore,完蛋！我被美女包围了！,"GUANGZHOU XIAOYOU CONTENT INTERACTIVE ENTERTAINMENT CO., LTD.",Entertainment,0.0,0.98,0,2024-12-31
35,11,Singapore,Bingo Generator & Caller,Marc Bouwman,Entertainment,0.0,0.98,0,2024-12-31
36,12,Singapore,Groic : Listen music togther,Sambhav Jain,Entertainment,5.0,0.98,6,2024-12-31
37,13,Singapore,Myasian TV,Quynh Dau,Entertainment,3.0,2.98,2,2024-12-31
38,14,Singapore,freeland,力 杨,Entertainment,4.0,2.98,1,2024-12-31
39,15,Singapore,Vidi · Media Center,Plata o Plomo AB,Entertainment,0.0,6.98,0,2024-12-31
40,16,Singapore,IPTV Smart Pro - 4K Live TV,Mehmet Akif Saroglu,Entertainment,0.0,3.98,0,2024-12-31
41,17,Singapore,Quartermaster,Sean Rogers,Entertainment,3.0,9.98,2,2024-12-31
42,18,Singapore,Audio Assistant for Avalon,Omar Mustafa,Entertainment,3.5,0.98,4,2024-12-31
43,19,Singapore,RenpyReader,Ludan Cui,Entertainment,0.0,5.98,0,2024-12-31
44,20,Singapore,brick break for watch,活鹏 麦,Entertainment,0.0,0.98,0,2024-12-31
45,21,Singapore,AVPlayer,EPLAYWORKS,Entertainment,4.09,3.98,22,2024-12-31
46,22,Singapore,1500 Ringtones Unlimited - Download the best iPhone Ringtones,Mobgen Apps Inc,Entertainment,1.0,0.98,1,2024-12-31
47,23,Singapore,OPlayer - video player,"Suzhou Totoro Network Technology Co., Ltd.",Entertainment,4.76,3.98,82,2024-12-31
48,24,Singapore,Akinator VIP,Elokence,Entertainment,4.3,5.98,10,2024-12-31
49,25,Singapore,VLC Streamer Pro,Hobbyist Software Limited,Entertainment,4.79,9.98,28,2024-12-31
50,1,Singapore,AnkiMobile Flashcards,Ankitects Pty Ltd,Education,4.11,34.98,45,2024-12-30
51,2,Singapore,PANTHEON - Official,D'Uva Workshop s.r.l.,Education,1.0,2.98,1,2024-12-30
52,3,Singapore,Human Japanese,"Brak Software, Inc.",Education,4.94,14.98,16,2024-12-30
53,4,Singapore,Mensa Brain Test,Barnstorm Games,Education,1.6,2.98,5,2024-12-30
54,5,Singapore,Flashcards Deluxe,OrangeOrApple.com,Education,5.0,5.98,2,2024-12-30
55,6,Singapore,Chinese Pinyin: Learn Mandarin,佩佩 伍,Education,4.67,3.98,6,2024-12-30
56,7,Singapore,Grandpa In Space,Fairlady Media,Education,0.0,3.98,0,2024-12-30
57,8,Singapore,新概念英语专业版 - 英语美语全四册,ByteTechVista LTD,Education,4.2,0.98,5,2024-12-30
58,9,Singapore,iDoceo - Planner and gradebook,iDoceo Studios Ltd.,Education,4.78,24.98,32,2024-12-30
59,10,Singapore,Hindi Pop,Christina Bharara,Education,5.0,2.98,2,2024-12-30
60,11,Singapore,GAB対策 言語,Takahide Kambe,Education,0.0,6.98,0,2024-12-30
61,12,Singapore,Cloud Security & Computing Q&A,Tourkia CHIHI,Education,0.0,5.98,0,2024-12-30
62,13,Singapore,Personal Trainer Exam Prep App,Tourkia CHIHI,Education,0.0,5.98,0,2024-12-30
63,14,Singapore,Physiotherapy Exam Review: Q&A,Tourkia CHIHI,Education,0.0,5.98,0,2024-12-30
64,15,Singapore,AB Cholesterol,Alexander Berkovich,Education,0.0,9.98,0,2024-12-30
65,16,Singapore,SPI対策 言語　就活・転職対策アプリ,Takahide Kambe,Education,0.0,3.98,0,2024-12-30
66,17,Singapore,SPI対策 非言語　就活・転職対策アプリ,Takahide Kambe,Education,0.0,3.98,0,2024-12-30
67,18,Singapore,Legal Assistant Exam Review,Tourkia CHIHI,Education,0.0,5.98,0,2024-12-30
68,19,Singapore,Diagnostic Imaging Exam Review,Tourkia CHIHI,Education,0.0,5.98,0,2024-12-30
69,20,Singapore,Corporate Strategy Exam Review,Tourkia CHIHI,Education,0.0,5.98,0,2024-12-30
70,21,Singapore,Recruitment & Selection Q&A,Tourkia CHIHI,Education,0.0,5.98,0,2024-12-30
71,22,Singapore,Family Medicine Exam Review,Tourkia CHIHI,Education,0.0,5.98,0,2024-12-30
72,23,Singapore,Preventive Medicine Exam Prep,Tourkia CHIHI,Education,0.0,5.98,0,2024-12-30
73,24,Singapore,Automotive Service Excellence.,Tourkia CHIHI,Education,0.0,5.98,0,2024-12-30
74,25,Singapore,DAT Exam Prep : +1600 Q&A,Tourkia CHIHI,Education,0.0,5.98,0,2024-12-30
75,1,Singapore,AnkiMobile Flashcards,Ankitects Pty Ltd,Education,4.11,34.98,45,2024-12-31
76,2,Singapore,PhET Simulations,University of Colorado Boulder,Education,5.0,0.98,2,2024-12-31
77,3,Singapore,GENKI Vocab for 3rd Ed.,"The Japan Times Publishing, Ltd.",Education,4.75,8.98,4,2024-12-31
78,4,Singapore,Numberblocks: Hide and Seek,Blue-Zoo,Education,5.0,3.98,1,2024-12-31
79,5,Singapore,BRIO World - Railway,Filimundus AB,Education,4.75,6.98,4,2024-12-31
80,6,Singapore,Letterland Word Builder,Letterland,Education,0.0,2.98,0,2024-12-31
81,7,Singapore,Baby Sign and Learn ASL Pro,Baby Sign and Learn,Education,5.0,3.98,1,2024-12-31
82,8,Singapore,Baby Sign Dictionary ASL,Baby Sign and Learn,Education,4.0,3.98,1,2024-12-31
83,9,Singapore,Letterland Quick Dash,Letterland,Education,0.0,2.98,0,2024-12-31
84,10,Singapore,The Very Hungry Caterpillar & Eric Carle Super Bundle,StoryToys Limited,Education,4.0,19.98,1,2024-12-31
85,11,Singapore,Orthopaedics Exam Review : Q&A,Tourkia CHIHI,Education,0.0,5.98,0,2024-12-31
86,12,Singapore,一流の英会話 ブラクストン,Ryota Kuroishi,Education,0.0,9.98,0,2024-12-31
87,13,Singapore,Public Health Exam Review App,Tourkia CHIHI,Education,0.0,5.98,0,2024-12-31
88,14,Singapore,Genetic Exam Prep & Test Bank,Tourkia CHIHI,Education,0.0,5.98,0,2024-12-31
89,15,Singapore,Dental Terminology Exam Review,Tourkia CHIHI,Education,0.0,5.98,0,2024-12-31
90,16,Singapore,Dental Nursing Exam Review App,Tourkia CHIHI,Education,0.0,5.98,0,2024-12-31
91,17,Singapore,Thyroid Exam Review App : Q&A,Tourkia CHIHI,Education,0.0,5.98,0,2024-12-31
92,18,Singapore,Internal Medicine Exam Review,Tourkia CHIHI,Education,0.0,5.98,0,2024-12-31
93,19,Singapore,Sport Medicine Exam Prep : Q&A,Tourkia CHIHI,Education,0.0,5.98,0,2024-12-31
94,20,Singapore,Urinary System Exam Review App,Tourkia CHIHI,Education,0.0,5.98,0,2024-12-31
95,21,Singapore,Medical Surgical Nursing Q&A,Tourkia CHIHI,Education,0.0,5.98,0,2024-12-31
96,22,Singapore,Cardiovascular System Review,Tourkia CHIHI,Education,0.0,5.98,0,2024-12-31
97,23,Singapore,"Blood Vessels, BP & regulation",Tourkia CHIHI,Education,0.0,5.98,0,2024-12-31
98,24,Singapore,Cardiology Review Quiz & Notes,Tourkia CHIHI,Education,0.0,5.98,0,2024-12-31
99,25,Singapore,PANTHEON - Official,D'Uva Workshop s.r.l.,Education,1.0,2.98,1,2024-12-31
100,1,Slovakia,Countdown App,Ryan Boyling,Entertainment,2.86,0.99,133,2024-12-30
101,2,Slovakia,Bing: Let's Play,Acamar Films,Entertainment,0.0,1.99,0,2024-12-30
102,3,Slovakia,Universe Splitter,Aerfish LLC,Entertainment,5.0,1.99,2,2024-12-30
103,4,Slovakia,Strange Planet Stickers,"KED, LLC",Entertainment,5.0,1.99,1,2024-12-30
104,5,Slovakia,Munchkin Level Counter,Steve Jackson Games,Entertainment,0.0,5.99,0,2024-12-30
105,6,Slovakia,Microphone - SpeakSing,Maclering Delva,Entertainment,0.0,0.99,0,2024-12-30
106,7,Slovakia,Sexy Maria,LET Software ApS,Entertainment,0.0,0.99,0,2024-12-30
107,8,Slovakia,Little Kitten App Bundle for Kids! (3 apps),Squeakosaurus ug & co. kg,Entertainment,0.0,14.99,0,2024-12-30
108,9,Slovakia,Kody Remote,Francesco Rompon,Entertainment,5.0,1.99,1,2024-12-30
109,10,Slovakia,GoodPlayer,"Wuhan TrustComputing IT Co., Ltd.",Entertainment,3.67,2.99,3,2024-12-30
110,11,Slovakia,AVPlayer,EPLAYWORKS,Entertainment,3.83,2.99,6,2024-12-30
111,12,Slovakia,Pocket God,Bolt Creative,Entertainment,4.5,0.99,2,2024-12-30
112,13,Slovakia,OPlayer - video player,"Suzhou Totoro Network Technology Co., Ltd.",Entertainment,4.67,2.99,9,2024-12-30
113,14,Slovakia,Akinator VIP,Elokence,Entertainment,5.0,3.99,3,2024-12-30
114,15,Slovakia,VLC Streamer Pro,Hobbyist Software Limited,Entertainment,4.89,8.99,9,2024-12-30
115,16,Slovakia,1500 Ringtones Unlimited - Download the best iPhone Ringtones,Mobgen Apps Inc,Entertainment,1.0,0.99,1,2024-12-30
116,17,Slovakia,Let's create! Pottery HD,Infinite Dreams Inc.,Entertainment,4.92,5.99,13,2024-12-30
117,18,Slovakia,VLC Remote Pro!,Hobbyist Software Limited,Entertainment,4.61,22.99,18,2024-12-30
118,19,Slovakia,Oldify - Old Face App,Apptly LLC,Entertainment,3.75,0.99,16,2024-12-30
119,20,Slovakia,Little Kitten-Kids Pet Cat Sim,Squeakosaurus ug & co. kg,Entertainment,4.48,6.99,21,2024-12-30
120,21,Slovakia,Blower,Qneo,Entertainment,4.5,1.99,2,2024-12-30
121,22,Slovakia,iVtipy,Ales Horak,Entertainment,4.58,0.99,12,2024-12-30
122,23,Slovakia,Tesla Toy,PDJ Apps,Entertainment,4.75,1.99,8,2024-12-30
123,24,Slovakia,"Dude, your car!",mobilaga inc.,Entertainment,0.0,0.99,0,2024-12-30
124,25,Slovakia,"Blackbox Pro for Dreambox, Vu+, Xtrend, TVHeadend and Others",Marcel Stegmann,Entertainment,2.94,5.99,17,2024-12-30
125,1,Slovakia,Sex Chat,Duncan Cuthbertson,Entertainment,0.0,0.99,0,2024-12-31
126,2,Slovakia,Countdown App,Ryan Boyling,Entertainment,2.86,0.99,133,2024-12-31
127,3,Slovakia,Bing: Let's Play,Acamar Films,Entertainment,0.0,1.99,0,2024-12-31
128,4,Slovakia,Universe Splitter,Aerfish LLC,Entertainment,5.0,1.99,2,2024-12-31
129,5,Slovakia,Strange Planet Stickers,"KED, LLC",Entertainment,5.0,1.99,1,2024-12-31
130,6,Slovakia,Munchkin Level Counter,Steve Jackson Games,Entertainment,0.0,5.99,0,2024-12-31
131,7,Slovakia,Microphone - SpeakSing,Maclering Delva,Entertainment,0.0,0.99,0,2024-12-31
132,8,Slovakia,Sexy Maria,LET Software ApS,Entertainment,0.0,0.99,0,2024-12-31
133,9,Slovakia,Little Kitten App Bundle for Kids! (3 apps),Squeakosaurus ug & co. kg,Entertainment,0.0,14.99,0,2024-12-31
134,10,Slovakia,GoodPlayer,"Wuhan TrustComputing IT Co., Ltd.",Entertainment,3.67,2.99,3,2024-12-31
135,11,Slovakia,AVPlayer,EPLAYWORKS,Entertainment,3.83,2.99,6,2024-12-31
136,12,Slovakia,Pocket God,Bolt Creative,Entertainment,4.5,0.99,2,2024-12-31
137,13,Slovakia,OPlayer - video player,"Suzhou Totoro Network Technology Co., Ltd.",Entertainment,4.67,2.99,9,2024-12-31
138,14,Slovakia,Akinator VIP,Elokence,Entertainment,5.0,3.99,3,2024-12-31
139,15,Slovakia,VLC Streamer Pro,Hobbyist Software Limited,Entertainment,4.89,8.99,9,2024-12-31
140,16,Slovakia,1500 Ringtones Unlimited - Download the best iPhone Ringtones,Mobgen Apps Inc,Entertainment,1.0,0.99,1,2024-12-31
141,17,Slovakia,Let's create! Pottery HD,Infinite Dreams Inc.,Entertainment,4.92,5.99,13,2024-12-31
142,18,Slovakia,VLC Remote Pro!,Hobbyist Software Limited,Entertainment,4.61,22.99,18,2024-12-31
143,19,Slovakia,Oldify - Old Face App,Apptly LLC,Entertainment,3.75,0.99,16,2024-12-31
144,20,Slovakia,Little Kitten-Kids Pet Cat Sim,Squeakosaurus ug & co. kg,Entertainment,4.48,6.99,21,2024-12-31
145,21,Slovakia,Blower,Qneo,Entertainment,4.5,1.99,2,2024-12-31
146,22,Slovakia,iVtipy,Ales Horak,Entertainment,4.58,0.99,12,2024-12-31
147,23,Slovakia,Tesla Toy,PDJ Apps,Entertainment,4.75,1.99,8,2024-12-31
148,24,Slovakia,"Dude, your car!",mobilaga inc.,Entertainment,0.0,0.99,0,2024-12-31
149,25,Slovakia,"Blackbox Pro for Dreambox, Vu+, Xtrend, TVHeadend and Others",Marcel Stegmann,Entertainment,2.94,5.99,17,2024-12-31
150,1,Slovakia,Autoškola 2025 (SK),Jakub Jelinek,Education,4.5,2.99,4,2024-12-30
151,2,Slovakia,AnkiMobile Flashcards,Ankitects Pty Ltd,Education,5.0,29.99,9,2024-12-30
152,3,Slovakia,EasyAis2,Jan Matoniak,Education,4.54,2.99,1514,2024-12-30
153,4,Slovakia,SkyView®,Terminal Eleven LLC,Education,4.9,2.99,30,2024-12-30
154,5,Slovakia,Zbrojní průkaz 2025,Jakub Jelinek,Education,5.0,1.99,1,2024-12-30
155,6,Slovakia,Wagotabi: Learn Japanese,WAGOTABI LIMITED,Education,5.0,4.99,1,2024-12-30
156,7,Slovakia,Letecke Testy,VR Master s.r.o.,Education,3.33,39.99,3,2024-12-30
157,8,Slovakia,Spicker - Cheat like a Pro,Nicolo Stanciu,Education,5.0,1.99,2,2024-12-30
158,9,Slovakia,Anatómia Pro,Horea Bucerzan,Education,2.5,3.99,2,2024-12-30
159,10,Slovakia,Полиглот - Английские артикли,Axidep LLC,Education,0.0,0.99,0,2024-12-30
160,11,Slovakia,Star Walk 2 - Mapa oblohy 3D,Vito Technology Inc.,Education,4.8,2.99,183,2024-12-30
161,12,Slovakia,Tiny Airport: Toddler's App,wonderkind GmbH,Education,0.0,0.99,0,2024-12-30
162,13,Slovakia,Toca Hair Salon 3,Toca Boca AB,Education,5.0,5.99,1,2024-12-30
163,14,Slovakia,Conjugación verbos en español,Nealis,Education,0.0,0.99,0,2024-12-30
164,15,Slovakia,Logopédia,pmq-software.com,Education,4.0,8.99,1,2024-12-30
165,16,Slovakia,Solar Walk: Slnečná sústava 3D,Vito Technology Inc.,Education,4.75,5.99,55,2024-12-30
166,17,Slovakia,Kapitáni,Tomas Lago,Education,4.0,3.99,2,2024-12-30
167,18,Slovakia,Architecture of Radio,Richard Vijgen,Education,1.0,2.99,1,2024-12-30
168,19,Slovakia,Toca Hair Salon 2,Toca Boca AB,Education,5.0,3.99,2,2024-12-30
169,20,Slovakia,Ľudské telo - Tinybop,Tinybop Inc.,Education,4.83,3.99,6,2024-12-30
170,21,Slovakia,Monkey Preschool Lunchbox,THUP Games,Education,5.0,1.99,2,2024-12-30
171,22,Slovakia,Little Builders for Kids,Fox and Sheep GmbH,Education,4.45,4.99,31,2024-12-30
172,23,Slovakia,Autoškola 2025 (CZ),Jakub Jelinek,Education,1.0,3.99,1,2024-12-30
173,24,Slovakia,Pocket Universe - Astronomy,John Kennedy,Education,3.5,2.99,2,2024-12-30
174,25,Slovakia,Starlight® - Explore the Stars,"ION6, LLC",Education,4.86,2.99,22,2024-12-30
175,1,Slovakia,EasyAis2,Jan Matoniak,Education,4.54,2.99,1514,2024-12-31
176,2,Slovakia,AnkiMobile Flashcards,Ankitects Pty Ltd,Education,5.0,29.99,9,2024-12-31
177,3,Slovakia,Letecke Testy,VR Master s.r.o.,Education,3.33,39.99,3,2024-12-31
178,4,Slovakia,CE5 Contact,Sirius Technology Advanced Research,Education,0.0,9.99,0,2024-12-31
179,5,Slovakia,Hravouka,Circus Atos,Education,4.59,5.99,17,2024-12-31
180,6,Slovakia,Blaze & the Monster Machines,Nickelodeon,Education,0.0,3.99,0,2024-12-31
181,7,Slovakia,Kids Vehicles: Construction for iPhone,Yaycom s.c.,Education,0.0,2.99,0,2024-12-31
182,8,Slovakia,Learn TensorFlow,Muhammad Mubeen,Education,0.0,1.99,0,2024-12-31
183,9,Slovakia,Counting Board,EverQuiz,Education,0.0,0.99,0,2024-12-31
184,10,Slovakia,Autoškola 2025 (SK),Jakub Jelinek,Education,4.5,2.99,4,2024-12-31
185,11,Slovakia,SkyView®,Terminal Eleven LLC,Education,4.9,2.99,30,2024-12-31
186,12,Slovakia,Zbrojní průkaz 2025,Jakub Jelinek,Education,5.0,1.99,1,2024-12-31
187,13,Slovakia,Wagotabi: Learn Japanese,WAGOTABI LIMITED,Education,5.0,4.99,1,2024-12-31
188,14,Slovakia,Spicker - Cheat like a Pro,Nicolo Stanciu,Education,5.0,1.99,2,2024-12-31
189,15,Slovakia,Anatómia Pro,Horea Bucerzan,Education,2.5,3.99,2,2024-12-31
190,16,Slovakia,Полиглот - Английские артикли,Axidep LLC,Education,0.0,0.99,0,2024-12-31
191,17,Slovakia,Star Walk 2 - Mapa oblohy 3D,Vito Technology Inc.,Education,4.8,2.99,183,2024-12-31
192,18,Slovakia,Logopédia,pmq-software.com,Education,4.0,8.99,1,2024-12-31
193,19,Slovakia,Toca Hair Salon 3,Toca Boca AB,Education,5.0,5.99,1,2024-12-31
194,20,Slovakia,Solar Walk: Slnečná sústava 3D,Vito Technology Inc.,Education,4.75,5.99,55,2024-12-31
195,21,Slovakia,Architecture of Radio,Richard Vijgen,Education,1.0,2.99,1,2024-12-31
196,22,Slovakia,Kapitáni,Tomas Lago,Education,4.0,3.99,2,2024-12-31
197,23,Slovakia,Toca Hair Salon 2,Toca Boca AB,Education,5.0,3.99,2,2024-12-31
198,24,Slovakia,Ľudské telo - Tinybop,Tinybop Inc.,Education,4.83,3.99,6,2024-12-31
199,25,Slovakia,Monkey Preschool Lunchbox,THUP Games,Education,5.0,1.99,2,2024-12-31
200,1,Slovenia,HomeDisco - Smart Home Parties,Miguel Vieira,Entertainment,0.0,0.99,0,2024-12-30
201,2,Slovenia,Pew Pew!!,Capital F,Entertainment,0.0,0.99,0,2024-12-30
202,3,Slovenia,Bella Sara Cards,Kim Loevendahl,Entertainment,0.0,2.99,0,2024-12-30
203,4,Slovenia,Countdown App,Ryan Boyling,Entertainment,2.67,0.99,49,2024-12-30
204,5,Slovenia,VLC Streamer Pro,Hobbyist Software Limited,Entertainment,4.91,8.99,11,2024-12-30
205,6,Slovenia,VLC Remote Pro!,Hobbyist Software Limited,Entertainment,4.81,22.99,21,2024-12-30
206,7,Slovenia,AVPlayer,EPLAYWORKS,Entertainment,4.5,2.99,4,2024-12-30
207,8,Slovenia,GoodPlayer,"Wuhan TrustComputing IT Co., Ltd.",Entertainment,1.0,2.99,2,2024-12-30
208,9,Slovenia,Pocket God,Bolt Creative,Entertainment,1.0,0.99,1,2024-12-30
209,10,Slovenia,Blower,Qneo,Entertainment,4.67,1.99,3,2024-12-30
210,11,Slovenia,Akinator VIP,Elokence,Entertainment,5.0,3.99,2,2024-12-30
211,12,Slovenia,OPlayer - video player,"Suzhou Totoro Network Technology Co., Ltd.",Entertainment,4.0,2.99,4,2024-12-30
212,13,Slovenia,Oldify - Old Face App,Apptly LLC,Entertainment,3.0,0.99,1,2024-12-30
213,14,Slovenia,Let's create! Pottery HD,Infinite Dreams Inc.,Entertainment,5.0,5.99,4,2024-12-30
214,15,Slovenia,Baldify - Go Bald,Apptly LLC,Entertainment,1.0,0.99,1,2024-12-30
215,16,Slovenia,Tesla Toy,PDJ Apps,Entertainment,4.5,1.99,2,2024-12-30
216,17,Slovenia,EyeTV,"SHENZHEN GENIATECH INC.,LTD",Entertainment,5.0,5.99,2,2024-12-30
217,18,Slovenia,"Dude, your car!",mobilaga inc.,Entertainment,0.0,0.99,0,2024-12-30
218,19,Slovenia,737 Flight Simulator,Justyna Zablocka,Entertainment,2.0,1.99,1,2024-12-30
219,20,Slovenia,XLR8,"2XL Games, Inc.",Entertainment,1.0,5.99,1,2024-12-30
220,21,Slovenia,Little Kitten My Pet Kitty Cat,Squeakosaurus ug & co. kg,Entertainment,4.33,6.99,3,2024-12-30
221,22,Slovenia,1500 Ringtones Unlimited - Download the best iPhone Ringtones,Mobgen Apps Inc,Entertainment,4.0,0.99,1,2024-12-30
222,23,Slovenia,Radio - Receiver,appsolute GmbH,Entertainment,5.0,3.99,7,2024-12-30
223,24,Slovenia,Beardify - Beard Photo Booth,Apptly LLC,Entertainment,4.0,0.99,1,2024-12-30
224,25,Slovenia,I Dig It Remastered,"InMotion Software, LLC",Entertainment,0.0,2.99,0,2024-12-30
225,1,Slovenia,I Dig It Remastered,"InMotion Software, LLC",Entertainment,0.0,2.99,0,2024-12-31
226,2,Slovenia,nPlayer,Newin Inc.,Entertainment,5.0,5.99,6,2024-12-31
227,3,Slovenia,Heavy Metal Emoji,KeyLuminati,Entertainment,0.0,1.99,0,2024-12-31
228,4,Slovenia,HomeDisco - Smart Home Parties,Miguel Vieira,Entertainment,0.0,0.99,0,2024-12-31
229,5,Slovenia,Pew Pew!!,Capital F,Entertainment,0.0,0.99,0,2024-12-31
230,6,Slovenia,Bella Sara Cards,Kim Loevendahl,Entertainment,0.0,2.99,0,2024-12-31
231,7,Slovenia,Countdown App,Ryan Boyling,Entertainment,2.67,0.99,49,2024-12-31
232,8,Slovenia,VLC Streamer Pro,Hobbyist Software Limited,Entertainment,4.91,8.99,11,2024-12-31
233,9,Slovenia,VLC Remote Pro!,Hobbyist Software Limited,Entertainment,4.81,22.99,21,2024-12-31
234,10,Slovenia,AVPlayer,EPLAYWORKS,Entertainment,4.5,2.99,4,2024-12-31
235,11,Slovenia,GoodPlayer,"Wuhan TrustComputing IT Co., Ltd.",Entertainment,1.0,2.99,2,2024-12-31
236,12,Slovenia,Pocket God,Bolt Creative,Entertainment,1.0,0.99,1,2024-12-31
237,13,Slovenia,Blower,Qneo,Entertainment,4.67,1.99,3,2024-12-31
238,14,Slovenia,Akinator VIP,Elokence,Entertainment,5.0,3.99,2,2024-12-31
239,15,Slovenia,OPlayer - video player,"Suzhou Totoro Network Technology Co., Ltd.",Entertainment,4.0,2.99,4,2024-12-31
240,16,Slovenia,Oldify - Old Face App,Apptly LLC,Entertainment,3.0,0.99,1,2024-12-31
241,17,Slovenia,Let's create! Pottery HD,Infinite Dreams Inc.,Entertainment,5.0,5.99,4,2024-12-31
242,18,Slovenia,Baldify - Go Bald,Apptly LLC,Entertainment,1.0,0.99,1,2024-12-31
243,19,Slovenia,Tesla Toy,PDJ Apps,Entertainment,4.5,1.99,2,2024-12-31
244,20,Slovenia,EyeTV,"SHENZHEN GENIATECH INC.,LTD",Entertainment,5.0,5.99,2,2024-12-31
245,21,Slovenia,"Dude, your car!",mobilaga inc.,Entertainment,0.0,0.99,0,2024-12-31
246,22,Slovenia,737 Flight Simulator,Justyna Zablocka,Entertainment,2.0,1.99,1,2024-12-31
247,23,Slovenia,XLR8,"2XL Games, Inc.",Entertainment,1.0,5.99,1,2024-12-31
248,24,Slovenia,Little Kitten My Pet Kitty Cat,Squeakosaurus ug & co. kg,Entertainment,4.33,6.99,3,2024-12-31
249,25,Slovenia,1500 Ringtones Unlimited - Download the best iPhone Ringtones,Mobgen Apps Inc,Entertainment,4.0,0.99,1,2024-12-31
250,1,Slovenia,Star Walk 2: Stars in the Sky,Vito Technology Inc.,Education,4.66,2.99,56,2024-12-30
251,2,Slovenia,SkyView®,Terminal Eleven LLC,Education,5.0,2.99,8,2024-12-30
252,3,Slovenia,AnkiMobile Flashcards,Ankitects Pty Ltd,Education,5.0,29.99,5,2024-12-30
253,4,Slovenia,Pocket Universe - Astronomy,John Kennedy,Education,5.0,2.99,1,2024-12-30
254,5,Slovenia,Solar Walk: Space Simulator 3D,Vito Technology Inc.,Education,4.74,5.99,23,2024-12-30
255,6,Slovenia,Architecture of Radio,Richard Vijgen,Education,0.0,2.99,0,2024-12-30
256,7,Slovenia,Mensa Brain Test,Barnstorm Games,Education,0.0,1.99,0,2024-12-30
257,8,Slovenia,Toca Hair Salon 2,Toca Boca AB,Education,2.5,3.99,2,2024-12-30
258,9,Slovenia,Calculator ∞,Incpt.Mobis,Education,4.28,5.99,25,2024-12-30
259,10,Slovenia,The Human Body by Tinybop,Tinybop Inc.,Education,4.67,3.99,3,2024-12-30
260,11,Slovenia,Monkey Preschool Lunchbox,THUP Games,Education,0.0,1.99,0,2024-12-30
261,12,Slovenia,CE5 Contact,Sirius Technology Advanced Research,Education,0.0,9.99,0,2024-12-30
262,13,Slovenia,Little Builders,Fox and Sheep GmbH,Education,4.8,4.99,5,2024-12-30
263,14,Slovenia,Toca Hair Salon 3,Toca Boca AB,Education,0.0,5.99,0,2024-12-30
264,15,Slovenia,Universe in a Nutshell,in a nutshell - kurzgesagt GmbH,Education,5.0,2.99,5,2024-12-30
265,16,Slovenia,iMathematics™ Pro,Antonio Giarrusso,Education,5.0,2.99,1,2024-12-30
266,17,Slovenia,First ATC Test,Apperio Media,Education,0.0,59.99,0,2024-12-30
267,18,Slovenia,Spicker - Cheat like a Pro,Nicolo Stanciu,Education,2.0,1.99,1,2024-12-30
268,19,Slovenia,Math Magic,Anusen Inc,Education,0.0,0.99,0,2024-12-30
269,20,Slovenia,Crazy Gears,EDOKI ACADEMY,Education,5.0,2.99,2,2024-12-30
270,21,Slovenia,Typography Insight for iPhone,"BRDY Studios, LLC",Education,0.0,1.99,0,2024-12-30
271,22,Slovenia,Solar Walk 2: Solar System Sim,Vito Technology Inc.,Education,4.2,2.99,10,2024-12-30
272,23,Slovenia,Tozzle,nodeflexion.com,Education,0.0,3.99,0,2024-12-30
273,24,Slovenia,Abraham Hicks VortexAttraction,Marc Mollicone,Education,0.0,17.99,0,2024-12-30
274,25,Slovenia,Blaze & the Monster Machines,Nickelodeon,Education,0.0,3.99,0,2024-12-30
275,1,Slovenia,SkyView®,Terminal Eleven LLC,Education,5.0,2.99,8,2024-12-31
276,2,Slovenia,AnkiMobile Flashcards,Ankitects Pty Ltd,Education,5.0,29.99,5,2024-12-31
277,3,Slovenia,Star Walk 2: Stars in the Sky,Vito Technology Inc.,Education,4.66,2.99,56,2024-12-31
278,4,Slovenia,Pocket Universe - Astronomy,John Kennedy,Education,5.0,2.99,1,2024-12-31
279,5,Slovenia,Solar Walk: Space Simulator 3D,Vito Technology Inc.,Education,4.74,5.99,23,2024-12-31
280,6,Slovenia,Architecture of Radio,Richard Vijgen,Education,0.0,2.99,0,2024-12-31
281,7,Slovenia,Mensa Brain Test,Barnstorm Games,Education,0.0,1.99,0,2024-12-31
282,8,Slovenia,Toca Hair Salon 2,Toca Boca AB,Education,2.5,3.99,2,2024-12-31
283,9,Slovenia,Calculator ∞,Incpt.Mobis,Education,4.28,5.99,25,2024-12-31
284,10,Slovenia,The Human Body by Tinybop,Tinybop Inc.,Education,4.67,3.99,3,2024-12-31
285,11,Slovenia,Monkey Preschool Lunchbox,THUP Games,Education,0.0,1.99,0,2024-12-31
286,12,Slovenia,Little Builders,Fox and Sheep GmbH,Education,4.8,4.99,5,2024-12-31
287,13,Slovenia,Toca Hair Salon 3,Toca Boca AB,Education,0.0,5.99,0,2024-12-31
288,14,Slovenia,Universe in a Nutshell,in a nutshell - kurzgesagt GmbH,Education,5.0,2.99,5,2024-12-31
289,15,Slovenia,CE5 Contact,Sirius Technology Advanced Research,Education,0.0,9.99,0,2024-12-31
290,16,Slovenia,iMathematics™ Pro,Antonio Giarrusso,Education,5.0,2.99,1,2024-12-31
291,17,Slovenia,First ATC Test,Apperio Media,Education,0.0,59.99,0,2024-12-31
292,18,Slovenia,Spicker - Cheat like a Pro,Nicolo Stanciu,Education,2.0,1.99,1,2024-12-31
293,19,Slovenia,Math Magic,Anusen Inc,Education,0.0,0.99,0,2024-12-31
294,20,Slovenia,Crazy Gears,EDOKI ACADEMY,Education,5.0,2.99,2,2024-12-31
295,21,Slovenia,Typography Insight for iPhone,"BRDY Studios, LLC",Education,0.0,1.99,0,2024-12-31
296,22,Slovenia,Solar Walk 2: Solar System Sim,Vito Technology Inc.,Education,4.2,2.99,10,2024-12-31
297,23,Slovenia,Tozzle,nodeflexion.com,Education,0.0,3.99,0,2024-12-31
298,24,Slovenia,Abraham Hicks VortexAttraction,Marc Mollicone,Education,0.0,17.99,0,2024-12-31
299,25,Slovenia,Math Ref,"Happy Maau Studios, LLC",Education,0.0,1.99,0,2024-12-31
300,1,South Africa,737 Voice - Aural Warnings,macremer,Entertainment,0.0,19.99,0,2024-12-30
301,2,South Africa,Vidi · Media Center,Plata o Plomo AB,Entertainment,4.5,99.99,2,2024-12-30
302,3,South Africa,Strange Planet Stickers,"KED, LLC",Entertainment,5.0,39.99,5,2024-12-30
303,4,South Africa,GSE SMART IPTV PRO,droidvision,Entertainment,4.4,59.99,5,2024-12-30
304,5,South Africa,Spirit Story Box,"Streamside Software, LLC",Entertainment,0.0,39.99,0,2024-12-30
305,6,South Africa,Countdown App,Ryan Boyling,Entertainment,2.75,19.99,127,2024-12-30
306,7,South Africa,X-Scooter,国强 张,Entertainment,0.0,99.99,0,2024-12-30
307,8,South Africa,Jackal Sounds Effects,Scott Dawson,Entertainment,1.0,99.99,4,2024-12-30
308,9,South Africa,Ombi,Jamie Rees,Entertainment,4.58,59.99,12,2024-12-30
309,10,South Africa,WoordeLyste,Pierre Marais,Entertainment,2.0,19.99,1,2024-12-30
310,11,South Africa,nPlayer,Newin Inc.,Entertainment,3.57,99.99,7,2024-12-30
311,12,South Africa,All IPTV Player,Sky Technology Services Pty Ltd,Entertainment,0.0,99.99,0,2024-12-30
312,13,South Africa,LSW Collector,Kevin Downard,Entertainment,0.0,99.99,0,2024-12-30
313,14,South Africa,VLC Streamer Pro,Hobbyist Software Limited,Entertainment,4.89,149.99,37,2024-12-30
314,15,South Africa,Scar Booth,Appdicted,Entertainment,4.17,39.99,6,2024-12-30
315,16,South Africa,JRemote,JRiver,Entertainment,0.0,249.99,0,2024-12-30
316,17,South Africa,Groic : Listen music togther,Sambhav Jain,Entertainment,0.0,19.99,0,2024-12-30
317,18,South Africa,Quartermaster,Sean Rogers,Entertainment,5.0,149.99,2,2024-12-30
318,19,South Africa,Happy Holidays! Box for Kids,wonderkind GmbH,Entertainment,0.0,12.99,0,2024-12-30
319,20,South Africa,Pocket God,Bolt Creative,Entertainment,5.0,19.99,1,2024-12-30
320,21,South Africa,Fish Fingers! 3D Interactive Aquarium,Useless Creations Pty Ltd,Entertainment,3.0,19.99,1,2024-12-30
321,22,South Africa,1500 Ringtones Unlimited - Download the best iPhone Ringtones,Mobgen Apps Inc,Entertainment,1.0,19.99,1,2024-12-30
322,23,South Africa,Laser Tape Measure,金萍 易,Entertainment,1.0,59.99,3,2024-12-30
323,24,South Africa,Shredder Chess (International),"Eiko Bleicher, Skizzix.com",Entertainment,5.0,79.99,1,2024-12-30
324,25,South Africa,Chess - tChess Pro (Int'l),Tom Kerrigan,Entertainment,4.2,149.99,10,2024-12-30
325,1,South Africa,Scar Booth,Appdicted,Entertainment,4.17,39.99,6,2024-12-31
326,2,South Africa,Little Hospital For Kids,Fox and Sheep GmbH,Entertainment,4.5,79.99,4,2024-12-31
327,3,South Africa,Radio - Receiver,appsolute GmbH,Entertainment,4.5,79.99,26,2024-12-31
328,4,South Africa,Black Light Vision,CobbySoft Media Inc.,Entertainment,1.0,99.99,1,2024-12-31
329,5,South Africa,Flashing Lights - Blue and Red,Georgi Zlatinov,Entertainment,0.0,19.99,0,2024-12-31
330,6,South Africa,Happy Dog - Music For Dogs,Aaron Rockett,Entertainment,0.0,19.99,0,2024-12-31
331,7,South Africa,Strobe Light - Disco Flash DJ,Roman Kirihetov,Entertainment,0.0,199.99,0,2024-12-31
332,8,South Africa,737 Voice - Aural Warnings,macremer,Entertainment,0.0,19.99,0,2024-12-31
333,9,South Africa,Vidi · Media Center,Plata o Plomo AB,Entertainment,4.5,99.99,2,2024-12-31
334,10,South Africa,Strange Planet Stickers,"KED, LLC",Entertainment,5.0,39.99,5,2024-12-31
335,11,South Africa,GSE SMART IPTV PRO,droidvision,Entertainment,4.4,59.99,5,2024-12-31
336,12,South Africa,Spirit Story Box,"Streamside Software, LLC",Entertainment,0.0,39.99,0,2024-12-31
337,13,South Africa,Countdown App,Ryan Boyling,Entertainment,2.75,19.99,127,2024-12-31
338,14,South Africa,X-Scooter,国强 张,Entertainment,0.0,99.99,0,2024-12-31
339,15,South Africa,Jackal Sounds Effects,Scott Dawson,Entertainment,1.0,99.99,4,2024-12-31
340,16,South Africa,Ombi,Jamie Rees,Entertainment,4.58,59.99,12,2024-12-31
341,17,South Africa,WoordeLyste,Pierre Marais,Entertainment,2.0,19.99,1,2024-12-31
342,18,South Africa,nPlayer,Newin Inc.,Entertainment,3.57,99.99,7,2024-12-31
343,19,South Africa,All IPTV Player,Sky Technology Services Pty Ltd,Entertainment,0.0,99.99,0,2024-12-31
344,20,South Africa,LSW Collector,Kevin Downard,Entertainment,0.0,99.99,0,2024-12-31
345,21,South Africa,Fish Fingers! 3D Interactive Aquarium,Useless Creations Pty Ltd,Entertainment,3.0,19.99,1,2024-12-31
346,22,South Africa,1500 Ringtones Unlimited - Download the best iPhone Ringtones,Mobgen Apps Inc,Entertainment,1.0,19.99,1,2024-12-31
347,23,South Africa,VLC Streamer Pro,Hobbyist Software Limited,Entertainment,4.89,149.99,37,2024-12-31
348,24,South Africa,Laser Tape Measure,金萍 易,Entertainment,1.0,59.99,3,2024-12-31
349,25,South Africa,Shredder Chess (International),"Eiko Bleicher, Skizzix.com",Entertainment,5.0,79.99,1,2024-12-31
350,1,South Africa,The K53 Learner's Test App,App Developer Studio Cc,Education,2.65,39.99,26,2024-12-30
351,2,South Africa,Star Walk 2: Stars in the Sky,Vito Technology Inc.,Education,4.68,59.99,373,2024-12-30
352,3,South Africa,SkyView®,Terminal Eleven LLC,Education,4.56,59.99,123,2024-12-30
353,4,South Africa,Video Touch - Vehicles,SoundTouch Interactive LTD,Education,5.0,59.99,1,2024-12-30
354,5,South Africa,StarMap 3D+ Plus: Star Gazing,Sanville Software,Education,4.66,59.99,29,2024-12-30
355,6,South Africa,Blaze & the Monster Machines,Nickelodeon,Education,4.33,79.99,3,2024-12-30
356,7,South Africa,Flat Earth Pro,Othman Alzahrani,Education,0.0,79.99,0,2024-12-30
357,8,South Africa,Alphabets Adventure Run,Angela Madavha,Education,5.0,0.0,2,2024-12-30
358,9,South Africa,Video Touch - Wild Animals,SoundTouch Interactive LTD,Education,3.0,59.99,1,2024-12-30
359,10,South Africa,Akili's Alphabet,Ubongo,Education,0.0,19.99,0,2024-12-30
360,11,South Africa,Electrical Engineering Pack,V PUGAZHENTHI,Education,4.5,99.99,2,2024-12-30
361,12,South Africa,LEGO® DUPLO® DOCTOR,StoryToys Limited,Education,5.0,99.99,1,2024-12-30
362,13,South Africa,AnkiMobile Flashcards,Ankitects Pty Ltd,Education,4.29,499.99,14,2024-12-30
363,14,South Africa,Seabook+,Ozgur GUNES,Education,0.0,149.99,0,2024-12-30
364,15,South Africa,72 Names of God,The Kabbalah Centre International,Education,5.0,99.99,5,2024-12-30
365,16,South Africa,Potty Toilet Training,Francois Duchemin,Education,4.33,19.99,3,2024-12-30
366,17,South Africa,SpaceStationAR,"Toriningen Co.,Ltd.",Education,4.5,59.99,2,2024-12-30
367,18,South Africa,CFE Exam Prep,Roxana Scurtu,Education,5.0,119.99,1,2024-12-30
368,19,South Africa,Chimp Fu Syllables,Nessy Learning Limited,Education,4.0,59.99,1,2024-12-30
369,20,South Africa,ACS MyATLS,MyATLS,Education,0.0,199.99,0,2024-12-30
370,21,South Africa,PANTHEON - Official,D'Uva Workshop s.r.l.,Education,0.0,39.99,0,2024-12-30
371,22,South Africa,CE5 Contact,Sirius Technology Advanced Research,Education,0.0,199.99,0,2024-12-30
372,23,South Africa,"Astronomy Apps: Space Exploration, Guide to the Night Sky, Stargazing AR",Vito Technology Inc.,Education,0.0,4.99,0,2024-12-30
373,24,South Africa,Laws of Power: 48 Life Quotes,Chris Wakefield,Education,0.0,39.99,0,2024-12-30
374,25,South Africa,PRINCE2 Foundation Exam,Adnan Sheikh,Education,0.0,99.99,0,2024-12-30
375,1,South Africa,SkyView®,Terminal Eleven LLC,Education,4.56,59.99,123,2024-12-31
376,2,South Africa,StarMap 3D+ Plus: Star Gazing,Sanville Software,Education,4.66,59.99,29,2024-12-31
377,3,South Africa,Star Walk 2: Stars in the Sky,Vito Technology Inc.,Education,4.68,59.99,373,2024-12-31
378,4,South Africa,Video Touch - Vehicles,SoundTouch Interactive LTD,Education,5.0,59.99,1,2024-12-31
379,5,South Africa,Teach Your Monster to Read,Teach Your Monster,Education,4.81,199.99,37,2024-12-31
380,6,South Africa,Toca Hair Salon 2,Toca Boca AB,Education,4.1,79.99,10,2024-12-31
381,7,South Africa,Starlight® - Explore the Stars,"ION6, LLC",Education,4.85,59.99,27,2024-12-31
382,8,South Africa,STEARsoft Attendance Register,STEARsoft,Education,4.0,19.99,1,2024-12-31
383,9,South Africa,"Human World for Kids, full app",CLEVERBIT LTD,Education,5.0,79.99,2,2024-12-31
384,10,South Africa,The K53 Learner's Test App,App Developer Studio Cc,Education,2.65,39.99,26,2024-12-31
385,11,South Africa,Blaze & the Monster Machines,Nickelodeon,Education,4.33,79.99,3,2024-12-31
386,12,South Africa,Flat Earth Pro,Othman Alzahrani,Education,0.0,79.99,0,2024-12-31
387,13,South Africa,Video Touch - Wild Animals,SoundTouch Interactive LTD,Education,3.0,59.99,1,2024-12-31
388,14,South Africa,Akili's Alphabet,Ubongo,Education,0.0,19.99,0,2024-12-31
389,15,South Africa,Electrical Engineering Pack,V PUGAZHENTHI,Education,4.5,99.99,2,2024-12-31
390,16,South Africa,LEGO® DUPLO® DOCTOR,StoryToys Limited,Education,5.0,99.99,1,2024-12-31
391,17,South Africa,AnkiMobile Flashcards,Ankitects Pty Ltd,Education,4.29,499.99,14,2024-12-31
392,18,South Africa,72 Names of God,The Kabbalah Centre International,Education,5.0,99.99,5,2024-12-31
393,19,South Africa,Seabook+,Ozgur GUNES,Education,0.0,149.99,0,2024-12-31
394,20,South Africa,Potty Toilet Training,Francois Duchemin,Education,4.33,19.99,3,2024-12-31
395,21,South Africa,SpaceStationAR,"Toriningen Co.,Ltd.",Education,4.5,59.99,2,2024-12-31
396,22,South Africa,CFE Exam Prep,Roxana Scurtu,Education,5.0,119.99,1,2024-12-31
397,23,South Africa,Chimp Fu Syllables,Nessy Learning Limited,Education,4.0,59.99,1,2024-12-31
398,24,South Africa,ACS MyATLS,MyATLS,Education,0.0,199.99,0,2024-12-31
399,25,South Africa,CE5 Contact,Sirius Technology Advanced Research,Education,0.0,199.99,0,2024-12-31
400,1,Spain,GSE SMART IPTV PRO,droidvision,Entertainment,3.82,2.99,362,2024-12-30
401,2,Spain,PewPewPew - Fingergun,承远 李,Entertainment,0.0,0.99,0,2024-12-30
402,3,Spain,Nos Vamos De Encierro,Saul Garcia Calvo,Entertainment,4.5,2.99,12,2024-12-30
403,4,Spain,Magic Spider - My Pet Boris,Ian Pidgeon,Entertainment,5.0,2.99,8,2024-12-30
404,5,Spain,SmartRace for Carrera Digital,Marc Bonsels,Entertainment,4.69,11.99,13,2024-12-30
405,6,Spain,AVPlayer,EPLAYWORKS,Entertainment,3.65,2.99,23,2024-12-30
406,7,Spain,La Hora De Tu Muerte,Ryan Boyling,Entertainment,2.8,0.99,597,2024-12-30
407,8,Spain,Gatito - Aventuras - 4+,Squeakosaurus ug & co. kg,Entertainment,4.57,6.99,14,2024-12-30
408,9,Spain,Ombi,Jamie Rees,Entertainment,4.65,2.99,17,2024-12-30
409,10,Spain,TimeLine - Travel back in time,Patrick Kunvatanagarn,Entertainment,4.9,39.99,10,2024-12-30
410,11,Spain,Strange Planet Stickers,"KED, LLC",Entertainment,5.0,1.99,2,2024-12-30
411,12,Spain,LaCuerda [PRO],NARROI WEBS SC,Entertainment,1.82,2.99,11,2024-12-30
412,13,Spain,Universe Splitter,Aerfish LLC,Entertainment,4.7,1.99,10,2024-12-30
413,14,Spain,Mahjong Helper & Calculator,Michael Starling,Entertainment,0.0,0.99,0,2024-12-30
414,15,Spain,Cleverbot,Icogno Ltd,Entertainment,3.36,0.99,14,2024-12-30
415,16,Spain,Gatito- mi mascota favorita 3+,Squeakosaurus ug & co. kg,Entertainment,3.95,6.99,99,2024-12-30
416,17,Spain,MovieBuddy Pro: Mis películas,"Kimico, Ltd.",Entertainment,4.76,5.99,80,2024-12-30
417,18,Spain,VRPlayer Pro : 2D 3D 360°Video,LEE DONG WON,Entertainment,3.33,1.99,3,2024-12-30
418,19,Spain,My PlayHome:Mi Casa de Juguete,PlayHome Software Ltd,Entertainment,4.53,3.99,19,2024-12-30
419,20,Spain,PaintMyMinis,Marius Herzog,Entertainment,4.75,3.99,8,2024-12-30
420,21,Spain,R-Digit,Benjamin Vianney,Entertainment,4.0,34.99,2,2024-12-30
421,22,Spain,Vidi · Media Center,Plata o Plomo AB,Entertainment,5.0,5.99,2,2024-12-30
422,23,Spain,SoloPrimitiva,Eduardo Blasco,Entertainment,5.0,5.99,3,2024-12-30
423,24,Spain,Spirit Contact Talker ITC,Jose Martin,Entertainment,5.0,3.99,7,2024-12-30
424,25,Spain,Aimoji - AI Emojis,Louis Auguste Bacot,Entertainment,0.0,3.99,0,2024-12-30
425,1,Spain,GSE SMART IPTV PRO,droidvision,Entertainment,3.82,2.99,362,2024-12-31
426,2,Spain,La Hora De Tu Muerte,Ryan Boyling,Entertainment,2.8,0.99,597,2024-12-31
427,3,Spain,iComics,XD Digital Pty Ltd,Entertainment,4.69,0.99,239,2024-12-31
428,4,Spain,ARGun2018,"ShenZhen Lenze Technology Co,.Ltd.",Entertainment,0.0,0.99,0,2024-12-31
429,5,Spain,LaCuerda [PRO],NARROI WEBS SC,Entertainment,1.82,2.99,11,2024-12-31
430,6,Spain,Universe Splitter,Aerfish LLC,Entertainment,4.7,1.99,10,2024-12-31
431,7,Spain,Digital Force Bag,Craig Squires,Entertainment,3.0,49.99,6,2024-12-31
432,8,Spain,Akinator VIP,Elokence,Entertainment,4.38,3.99,72,2024-12-31
433,9,Spain,YACReader - Lector de cómics,Luis Ángel San Martín,Entertainment,4.81,5.99,739,2024-12-31
434,10,Spain,Chimenea ©,"KISSAPP, S.L.",Entertainment,4.0,0.99,14,2024-12-31
435,11,Spain,iForce,Grigor Rostami,Entertainment,4.75,2.99,4,2024-12-31
436,12,Spain,iTHUMP/Toxic+,Ian Pidgeon,Entertainment,5.0,69.99,2,2024-12-31
437,13,Spain,OutRacer,Ivan Cerra de Castro,Entertainment,4.8,1.99,10,2024-12-31
438,14,Spain,PewPewPew - Fingergun,承远 李,Entertainment,0.0,0.99,0,2024-12-31
439,15,Spain,Nos Vamos De Encierro,Saul Garcia Calvo,Entertainment,4.5,2.99,12,2024-12-31
440,16,Spain,Magic Spider - My Pet Boris,Ian Pidgeon,Entertainment,5.0,2.99,8,2024-12-31
441,17,Spain,SmartRace for Carrera Digital,Marc Bonsels,Entertainment,4.69,11.99,13,2024-12-31
442,18,Spain,AVPlayer,EPLAYWORKS,Entertainment,3.65,2.99,23,2024-12-31
443,19,Spain,Gatito - Aventuras - 4+,Squeakosaurus ug & co. kg,Entertainment,4.57,6.99,14,2024-12-31
444,20,Spain,Ombi,Jamie Rees,Entertainment,4.65,2.99,17,2024-12-31
445,21,Spain,TimeLine - Travel back in time,Patrick Kunvatanagarn,Entertainment,4.9,39.99,10,2024-12-31
446,22,Spain,Strange Planet Stickers,"KED, LLC",Entertainment,5.0,1.99,2,2024-12-31
447,23,Spain,Mahjong Helper & Calculator,Michael Starling,Entertainment,0.0,0.99,0,2024-12-31
448,24,Spain,Cleverbot,Icogno Ltd,Entertainment,3.36,0.99,14,2024-12-31
449,25,Spain,Gatito- mi mascota favorita 3+,Squeakosaurus ug & co. kg,Entertainment,3.95,6.99,99,2024-12-31
450,1,Spain,Accessible Math Match,Jonatan Chacon Barbero,Education,5.0,0.99,5,2024-12-30
451,2,Spain,SkyView®,Terminal Eleven LLC,Education,4.57,2.99,116,2024-12-30
452,3,Spain,PANTHEON - Official,D'Uva Workshop s.r.l.,Education,1.0,1.99,1,2024-12-30
453,4,Spain,Star Walk 2: Mapa de estrellas,Vito Technology Inc.,Education,4.69,2.99,2171,2024-12-30
454,5,Spain,AnkiMobile Flashcards,Ankitects Pty Ltd,Education,3.62,29.99,86,2024-12-30
455,6,Spain,Ràcord Girona Bombers Gene,Racord Girona SL,Education,4.18,0.99,44,2024-12-30
456,7,Spain,Official DVSA Theory Test Kit,TSO (The Stationery Office),Education,5.0,5.99,4,2024-12-30
457,8,Spain,AB Math - Juegos para niños,Nicolas Lehovetzki,Education,4.53,2.99,109,2024-12-30
458,9,Spain,Stargate ESP Trainer,Russell Targ,Education,0.0,0.99,0,2024-12-30
459,10,Spain,Wagotabi: Aprende japonés,WAGOTABI LIMITED,Education,4.89,4.99,9,2024-12-30
460,11,Spain,DELE A2 Spanish,helder vega,Education,5.0,6.99,1,2024-12-30
461,12,Spain,Star Rover - Stargazing Guide,寒飞 易,Education,4.62,1.99,21,2024-12-30
462,13,Spain,Hit the Button Maths,Topmarks Online Ltd,Education,4.5,3.99,2,2024-12-30
463,14,Spain,Driving Theory Test 4 in 1 Kit,Driving Test Success Limited,Education,4.78,5.99,78,2024-12-30
464,15,Spain,Teach Your Monster to Read,Teach Your Monster,Education,4.77,9.99,95,2024-12-30
465,16,Spain,Talking ABC...,HEY CLAY,Education,5.0,2.99,1,2024-12-30
466,17,Spain,Cosmic-Watch,Celestial Dynamics AG,Education,4.71,5.99,17,2024-12-30
467,18,Spain,AnatoPato - Practica imágnenes,Guillermo Nimubona Castrillo,Education,0.0,19.99,0,2024-12-30
468,19,Spain,DVSA Hazard Perception,TSO (The Stationery Office),Education,0.0,2.99,0,2024-12-30
469,20,Spain,The Official DVSA Highway Code,TSO (The Stationery Office),Education,0.0,3.99,0,2024-12-30
470,21,Spain,Learn MongoDB Offline [PRO],Muhammad Mubeen,Education,0.0,1.99,0,2024-12-30
471,22,Spain,世界国土クイズ,Masahiro Tomosada,Education,0.0,1.99,0,2024-12-30
472,23,Spain,Тест на загальні здібності,Igor Dyrda,Education,0.0,9.99,0,2024-12-30
473,24,Spain,Selenium Testing Course,Buydeepdiscount.com LLC,Education,0.0,1.99,0,2024-12-30
474,25,Spain,iDoceo - cuaderno del profesor,iDoceo Studios Ltd.,Education,4.73,19.99,26307,2024-12-30
475,1,Spain,Accessible Math Match,Jonatan Chacon Barbero,Education,5.0,0.99,5,2024-12-31
476,2,Spain,CE5 Contact,Sirius Technology Advanced Research,Education,0.0,9.99,0,2024-12-31
477,3,Spain,PANTHEON - Official,D'Uva Workshop s.r.l.,Education,1.0,1.99,1,2024-12-31
478,4,Spain,AnatoPato - Practica imágnenes,Guillermo Nimubona Castrillo,Education,0.0,19.99,0,2024-12-31
479,5,Spain,Los verbos ingleses,NORMAND MARTIN,Education,0.0,0.99,0,2024-12-31
480,6,Spain,Verbos irregulares inglés Pro,ENGLISH IN GAMES,Education,0.0,2.99,0,2024-12-31
481,7,Spain,SkyView®,Terminal Eleven LLC,Education,4.57,2.99,116,2024-12-31
482,8,Spain,Numberblocks: Escondidas,Blue-Zoo,Education,1.0,2.99,2,2024-12-31
483,9,Spain,Solar Walk: Sistema planetario,Vito Technology Inc.,Education,4.65,5.99,837,2024-12-31
484,10,Spain,Spicker - Cheat like a Pro,Nicolo Stanciu,Education,3.25,1.99,16,2024-12-31
485,11,Spain,Atlas mundial MxGeo Pro,Hans-Peter Bahn,Education,4.41,3.99,22,2024-12-31
486,12,Spain,La magia de las palabras,Pierre Abel,Education,3.25,5.99,4,2024-12-31
487,13,Spain,Rey de las MatemáticasJr(Full),Oddrobo Software AB,Education,4.0,3.99,4,2024-12-31
488,14,Spain,CloudSpotter – See the Sky with New Eyes and Discover the Fantastic World of Clouds,Cloud Appreciation Ltd,Education,5.0,2.99,2,2024-12-31
489,15,Spain,Arduino Programming Pro,ALG Software Lab,Education,0.0,5.99,0,2024-12-31
490,16,Spain,Aptitude Test Trainer,Seliant ApS,Education,5.0,6.99,1,2024-12-31
491,17,Spain,Aprende danés - EuroTalk,EuroTalk,Education,0.0,8.99,0,2024-12-31
492,18,Spain,Tinybop Curiosity Kit '18,Tinybop Inc.,Education,0.0,0.0,0,2024-12-31
493,19,Spain,30 Libros de Filosofía,俊 姜,Education,0.0,1.99,0,2024-12-31
494,20,Spain,3000 Core English Vocabulary,Doan Dat,Education,4.0,5.99,1,2024-12-31
495,21,Spain,Counter Man Pro,Binary Arm (Pty) Ltd,Education,0.0,0.99,0,2024-12-31
496,22,Spain,Star Walk 2: Mapa de estrellas,Vito Technology Inc.,Education,4.69,2.99,2171,2024-12-31
497,23,Spain,AnkiMobile Flashcards,Ankitects Pty Ltd,Education,3.62,29.99,86,2024-12-31
498,24,Spain,Ràcord Girona Bombers Gene,Racord Girona SL,Education,4.18,0.99,44,2024-12-31
499,25,Spain,Official DVSA Theory Test Kit,TSO (The Stationery Office),Education,5.0,5.99,4,2024-12-31
500,1,Sri Lanka,Groic : Listen music togther,Sambhav Jain,Entertainment,3.4,0.99,5,2024-12-30
501,2,Sri Lanka,Countdown App,Ryan Boyling,Entertainment,3.56,0.99,59,2024-12-30
502,3,Sri Lanka,nPlayer Plus,Newin Inc.,Entertainment,4.5,8.99,6,2024-12-30
503,4,Sri Lanka,AVPlayer,EPLAYWORKS,Entertainment,4.33,2.99,3,2024-12-30
504,5,Sri Lanka,1500 Ringtones Unlimited - Download the best iPhone Ringtones,Mobgen Apps Inc,Entertainment,5.0,0.99,1,2024-12-30
505,6,Sri Lanka,Pocket God,Bolt Creative,Entertainment,5.0,0.99,1,2024-12-30
506,7,Sri Lanka,Akinator VIP,Elokence,Entertainment,5.0,3.99,1,2024-12-30
507,8,Sri Lanka,VLC Streamer Pro,Hobbyist Software Limited,Entertainment,5.0,7.99,4,2024-12-30
508,9,Sri Lanka,Fish Fingers! 3D Interactive Aquarium,Useless Creations Pty Ltd,Entertainment,0.0,0.99,0,2024-12-30
509,10,Sri Lanka,nPlayer,Newin Inc.,Entertainment,4.5,4.99,14,2024-12-30
510,11,Sri Lanka,737 Flight Simulator,Justyna Zablocka,Entertainment,0.0,1.99,0,2024-12-30
511,12,Sri Lanka,OPlayer - video player,"Suzhou Totoro Network Technology Co., Ltd.",Entertainment,4.4,2.99,5,2024-12-30
512,13,Sri Lanka,Blower,Qneo,Entertainment,4.5,1.99,2,2024-12-30
513,14,Sri Lanka,GoodPlayer,"Wuhan TrustComputing IT Co., Ltd.",Entertainment,4.0,2.99,1,2024-12-30
514,15,Sri Lanka,VRPlayer Pro : 2D 3D 360°Video,LEE DONG WON,Entertainment,0.0,1.99,0,2024-12-30
515,16,Sri Lanka,Youtify + for Spotify Premium,"KISSAPP, S.L.",Entertainment,5.0,1.99,2,2024-12-30
516,17,Sri Lanka,VLC Remote Pro!,Hobbyist Software Limited,Entertainment,5.0,19.99,2,2024-12-30
517,18,Sri Lanka,Alien10,Saddiq Rahim,Entertainment,0.0,1.99,0,2024-12-30
518,19,Sri Lanka,Animation Creator,miSoft,Entertainment,5.0,1.99,1,2024-12-30
519,20,Sri Lanka,KMPlayer+ Divx Codec,"PANDORATV Co.,Ltd",Entertainment,0.0,3.99,0,2024-12-30
520,21,Sri Lanka,Little Kitten My Pet Kitty Cat,Squeakosaurus ug & co. kg,Entertainment,0.0,5.99,0,2024-12-30
521,22,Sri Lanka,Laser Lights,PDJ Apps,Entertainment,0.0,0.99,0,2024-12-30
522,23,Sri Lanka,"ToneCreator Pro - Create text tones, ringtones, and alert tones!",Mobgen Apps Inc,Entertainment,0.0,1.99,0,2024-12-30
523,24,Sri Lanka,Talking Carl,Tayasui.com,Entertainment,5.0,0.99,1,2024-12-30
524,25,Sri Lanka,Oldify - Old Face App,Apptly LLC,Entertainment,5.0,0.99,4,2024-12-30
525,1,Sri Lanka,Countdown App,Ryan Boyling,Entertainment,3.56,0.99,59,2024-12-31
526,2,Sri Lanka,iOrnament: draw mandala & art,science-to-touch,Entertainment,5.0,0.99,2,2024-12-31
527,3,Sri Lanka,Groic : Listen music togther,Sambhav Jain,Entertainment,3.4,0.99,5,2024-12-31
528,4,Sri Lanka,nPlayer Plus,Newin Inc.,Entertainment,4.5,8.99,6,2024-12-31
529,5,Sri Lanka,AVPlayer,EPLAYWORKS,Entertainment,4.33,2.99,3,2024-12-31
530,6,Sri Lanka,1500 Ringtones Unlimited - Download the best iPhone Ringtones,Mobgen Apps Inc,Entertainment,5.0,0.99,1,2024-12-31
531,7,Sri Lanka,Pocket God,Bolt Creative,Entertainment,5.0,0.99,1,2024-12-31
532,8,Sri Lanka,Akinator VIP,Elokence,Entertainment,5.0,3.99,1,2024-12-31
533,9,Sri Lanka,VLC Streamer Pro,Hobbyist Software Limited,Entertainment,5.0,7.99,4,2024-12-31
534,10,Sri Lanka,Fish Fingers! 3D Interactive Aquarium,Useless Creations Pty Ltd,Entertainment,0.0,0.99,0,2024-12-31
535,11,Sri Lanka,nPlayer,Newin Inc.,Entertainment,4.5,4.99,14,2024-12-31
536,12,Sri Lanka,737 Flight Simulator,Justyna Zablocka,Entertainment,0.0,1.99,0,2024-12-31
537,13,Sri Lanka,OPlayer - video player,"Suzhou Totoro Network Technology Co., Ltd.",Entertainment,4.4,2.99,5,2024-12-31
538,14,Sri Lanka,Blower,Qneo,Entertainment,4.5,1.99,2,2024-12-31
539,15,Sri Lanka,GoodPlayer,"Wuhan TrustComputing IT Co., Ltd.",Entertainment,4.0,2.99,1,2024-12-31
540,16,Sri Lanka,VRPlayer Pro : 2D 3D 360°Video,LEE DONG WON,Entertainment,0.0,1.99,0,2024-12-31
541,17,Sri Lanka,Youtify + for Spotify Premium,"KISSAPP, S.L.",Entertainment,5.0,1.99,2,2024-12-31
542,18,Sri Lanka,VLC Remote Pro!,Hobbyist Software Limited,Entertainment,5.0,19.99,2,2024-12-31
543,19,Sri Lanka,Alien10,Saddiq Rahim,Entertainment,0.0,1.99,0,2024-12-31
544,20,Sri Lanka,Animation Creator,miSoft,Entertainment,5.0,1.99,1,2024-12-31
545,21,Sri Lanka,KMPlayer+ Divx Codec,"PANDORATV Co.,Ltd",Entertainment,0.0,3.99,0,2024-12-31
546,22,Sri Lanka,Little Kitten My Pet Kitty Cat,Squeakosaurus ug & co. kg,Entertainment,0.0,5.99,0,2024-12-31
547,23,Sri Lanka,Laser Lights,PDJ Apps,Entertainment,0.0,0.99,0,2024-12-31
548,24,Sri Lanka,"ToneCreator Pro - Create text tones, ringtones, and alert tones!",Mobgen Apps Inc,Entertainment,0.0,1.99,0,2024-12-31
549,25,Sri Lanka,Talking Carl,Tayasui.com,Entertainment,5.0,0.99,1,2024-12-31
550,1,Sri Lanka,Mechsit-Sri lanka drivers exam,E W M W W Shanka Nuwan Bandara Werapitiya,Education,5.0,0.99,1,2024-12-30
551,2,Sri Lanka,Driving Theory Test 4 in 1 Kit,Driving Test Success Limited,Education,4.94,4.99,35,2024-12-30
552,3,Sri Lanka,E6BX E6B Flight Computer,Mehmet Cebe,Education,0.0,8.99,0,2024-12-30
553,4,Sri Lanka,SkyView®,Terminal Eleven LLC,Education,5.0,2.99,1,2024-12-30
554,5,Sri Lanka,Official DVSA Theory Test Kit,TSO (The Stationery Office),Education,5.0,4.99,1,2024-12-30
555,6,Sri Lanka,AnkiMobile Flashcards,Ankitects Pty Ltd,Education,5.0,24.99,9,2024-12-30
556,7,Sri Lanka,Star Walk 2: Stars in the Sky,Vito Technology Inc.,Education,4.7,2.99,20,2024-12-30
557,8,Sri Lanka,Architecture of Radio,Richard Vijgen,Education,4.0,2.99,1,2024-12-30
558,9,Sri Lanka,Pocket Universe - Astronomy,John Kennedy,Education,0.0,2.99,0,2024-12-30
559,10,Sri Lanka,Japanese Sinhala Dictionary,Ashen Ishanka Costha,Education,0.0,0.99,0,2024-12-30
560,11,Sri Lanka,Nursery Rhymes by Dave & Ava,Dave and Ava Ltd,Education,4.0,59.99,2,2024-12-30
561,12,Sri Lanka,Word Magic,Anusen Inc,Education,0.0,0.99,0,2024-12-30
562,13,Sri Lanka,Solar Walk: Space Simulator 3D,Vito Technology Inc.,Education,4.8,4.99,5,2024-12-30
563,14,Sri Lanka,CITB MAP HS&E test V10,CITB,Education,0.0,6.99,0,2024-12-30
564,15,Sri Lanka,iMathematics™ Pro,Antonio Giarrusso,Education,5.0,2.99,1,2024-12-30
565,16,Sri Lanka,Search With Google,Rija Iqbal,Education,0.0,1.99,0,2024-12-30
566,17,Sri Lanka,Assyst – testing and exams,Denis Butko,Education,5.0,0.99,2,2024-12-30
567,18,Sri Lanka,Learn Lithuanian - EuroTalk,EuroTalk,Education,0.0,7.99,0,2024-12-30
568,19,Sri Lanka,Create a Car,Curiosity Media,Education,1.0,2.99,1,2024-12-30
569,20,Sri Lanka,Monkey Preschool Lunchbox,THUP Games,Education,5.0,1.99,1,2024-12-30
570,21,Sri Lanka,Toca Hair Salon 3,Toca Boca AB,Education,0.0,4.99,0,2024-12-30
571,22,Sri Lanka,PocketPhonics (basic edition),Apps in My Pocket Ltd,Education,0.0,6.99,0,2024-12-30
572,23,Sri Lanka,CITB Op/Spec HS&E test,CITB,Education,5.0,6.99,2,2024-12-30
573,24,Sri Lanka,The Official DVSA Theory Test Kit and Hazard Perception app bundle,TSO (The Stationery Office),Education,0.0,8.99,0,2024-12-30
574,25,Sri Lanka,Bundle ∞,Incpt.Mobis,Education,0.0,3.99,0,2024-12-30
575,1,Sri Lanka,Mechsit-Sri lanka drivers exam,E W M W W Shanka Nuwan Bandara Werapitiya,Education,5.0,0.99,1,2024-12-31
576,2,Sri Lanka,CITB MAP HS&E test V10,CITB,Education,0.0,6.99,0,2024-12-31
577,3,Sri Lanka,Driving Theory Test 4 in 1 Kit,Driving Test Success Limited,Education,4.94,4.99,35,2024-12-31
578,4,Sri Lanka,E6BX E6B Flight Computer,Mehmet Cebe,Education,0.0,8.99,0,2024-12-31
579,5,Sri Lanka,SkyView®,Terminal Eleven LLC,Education,5.0,2.99,1,2024-12-31
580,6,Sri Lanka,Official DVSA Theory Test Kit,TSO (The Stationery Office),Education,5.0,4.99,1,2024-12-31
581,7,Sri Lanka,AnkiMobile Flashcards,Ankitects Pty Ltd,Education,5.0,24.99,9,2024-12-31
582,8,Sri Lanka,Star Walk 2: Stars in the Sky,Vito Technology Inc.,Education,4.7,2.99,20,2024-12-31
583,9,Sri Lanka,Architecture of Radio,Richard Vijgen,Education,4.0,2.99,1,2024-12-31
584,10,Sri Lanka,Pocket Universe - Astronomy,John Kennedy,Education,0.0,2.99,0,2024-12-31
585,11,Sri Lanka,Japanese Sinhala Dictionary,Ashen Ishanka Costha,Education,0.0,0.99,0,2024-12-31
586,12,Sri Lanka,Nursery Rhymes by Dave & Ava,Dave and Ava Ltd,Education,4.0,59.99,2,2024-12-31
587,13,Sri Lanka,Word Magic,Anusen Inc,Education,0.0,0.99,0,2024-12-31
588,14,Sri Lanka,Solar Walk: Space Simulator 3D,Vito Technology Inc.,Education,4.8,4.99,5,2024-12-31
589,15,Sri Lanka,iMathematics™ Pro,Antonio Giarrusso,Education,5.0,2.99,1,2024-12-31
590,16,Sri Lanka,Search With Google,Rija Iqbal,Education,0.0,1.99,0,2024-12-31
591,17,Sri Lanka,Assyst – testing and exams,Denis Butko,Education,5.0,0.99,2,2024-12-31
592,18,Sri Lanka,Create a Car,Curiosity Media,Education,1.0,2.99,1,2024-12-31
593,19,Sri Lanka,Monkey Preschool Lunchbox,THUP Games,Education,5.0,1.99,1,2024-12-31
594,20,Sri Lanka,Learn Lithuanian - EuroTalk,EuroTalk,Education,0.0,7.99,0,2024-12-31
595,21,Sri Lanka,Toca Hair Salon 3,Toca Boca AB,Education,0.0,4.99,0,2024-12-31
596,22,Sri Lanka,PocketPhonics (basic edition),Apps in My Pocket Ltd,Education,0.0,6.99,0,2024-12-31
597,23,Sri Lanka,CITB Op/Spec HS&E test,CITB,Education,5.0,6.99,2,2024-12-31
598,24,Sri Lanka,The Official DVSA Theory Test Kit and Hazard Perception app bundle,TSO (The Stationery Office),Education,0.0,8.99,0,2024-12-31
599,25,Sri Lanka,Pilot Aptitude Pro,Mountain Wave Media Ltd,Education,0.0,3.99,0,2024-12-31
600,1,Sweden,GSE SMART IPTV PRO,droidvision,Entertainment,3.2,39.0,396,2024-12-30
601,2,Sweden,Ghost EVP Radio - Paranormal,Exelerus,Entertainment,4.24,49.0,553,2024-12-30
602,3,Sweden,Merge Watermelon for watch,活鹏 麦,Entertainment,5.0,9.0,1,2024-12-30
603,4,Sweden,Countdown App,Ryan Boyling,Entertainment,3.18,9.0,619,2024-12-30
604,5,Sweden,FoalFollow English,Tone Liaboe,Entertainment,0.0,39.0,0,2024-12-30
605,6,Sweden,Number Puzzle Games 4 Watch,长金 胡,Entertainment,0.0,9.0,0,2024-12-30
606,7,Sweden,Tärning Pro,Lukas Lubbe,Entertainment,4.0,29.0,4,2024-12-30
607,8,Sweden,Universe Splitter,Aerfish LLC,Entertainment,4.7,29.0,23,2024-12-30
608,9,Sweden,Tivimax IPTV Player (Premium),AFIFA CHAUHDARY,Entertainment,3.1,249.0,10,2024-12-30
609,10,Sweden,YACReader - Comic Reader,Luis Ángel San Martín,Entertainment,4.79,69.0,66,2024-12-30
610,11,Sweden,Harmony Watch & Siri Control,lubak.net,Entertainment,3.0,39.0,2,2024-12-30
611,12,Sweden,Mönster för pärlplattor,Bo Kalvslund,Entertainment,2.14,9.0,7,2024-12-30
612,13,Sweden,Dog Vision HD,Laan Labs,Entertainment,0.0,29.0,0,2024-12-30
613,14,Sweden,CBeebies Christmas Super Bundle,BBC Worldwide,Entertainment,0.0,14.99,0,2024-12-30
614,15,Sweden,FyDub - YT-videoöversättare,Daniel PerlerA,Entertainment,5.0,129.0,1,2024-12-30
615,16,Sweden,Natti Natti!,Fox and Sheep GmbH,Entertainment,4.13,49.0,15,2024-12-30
616,17,Sweden,Hey Duggee The Big Outdoor App,BBC Studios Distribution Ltd.,Entertainment,5.0,39.0,1,2024-12-30
617,18,Sweden,Hey Duggee: The Big Badge App,BBC Studios Distribution Ltd.,Entertainment,0.0,39.0,0,2024-12-30
618,19,Sweden,Bing: Let's Play,Acamar Films,Entertainment,5.0,29.0,2,2024-12-30
619,20,Sweden,Lilla polisen för barn,Fox and Sheep GmbH,Entertainment,4.18,49.0,431,2024-12-30
620,21,Sweden,The Ogglies – pedagogiskt spel,Fox and Sheep GmbH,Entertainment,4.44,49.0,9,2024-12-30
621,22,Sweden,FamilyQuiz - Quiz,The Froghouse AB,Entertainment,0.0,9.0,0,2024-12-30
622,23,Sweden,Lilla sjukhuset,Fox and Sheep GmbH,Entertainment,4.0,49.0,60,2024-12-30
623,24,Sweden,iProTV for iPtv & m3u content,Malek Radhouani,Entertainment,2.38,99.0,8,2024-12-30
624,25,Sweden,IQ Test: Advanced Matrices Pro,Perfect Consulting B.V.,Entertainment,0.0,49.0,0,2024-12-30
625,1,Sweden,GSE SMART IPTV PRO,droidvision,Entertainment,3.2,39.0,396,2024-12-31
626,2,Sweden,Ghost EVP Radio - Paranormal,Exelerus,Entertainment,4.24,49.0,553,2024-12-31
627,3,Sweden,Bing: Let's Play,Acamar Films,Entertainment,5.0,29.0,2,2024-12-31
628,4,Sweden,"Dude, your car!",mobilaga inc.,Entertainment,4.5,9.0,2,2024-12-31
629,5,Sweden,Countdown App,Ryan Boyling,Entertainment,3.18,9.0,619,2024-12-31
630,6,Sweden,Tärning Pro,Lukas Lubbe,Entertainment,4.0,29.0,4,2024-12-31
631,7,Sweden,YACReader - Comic Reader,Luis Ángel San Martín,Entertainment,4.79,69.0,66,2024-12-31
632,8,Sweden,Natti Natti!,Fox and Sheep GmbH,Entertainment,4.13,49.0,15,2024-12-31
633,9,Sweden,Strange Planet Stickers,"KED, LLC",Entertainment,5.0,29.0,1,2024-12-31
634,10,Sweden,Audio Assistant for Avalon,Omar Mustafa,Entertainment,4.5,9.0,2,2024-12-31
635,11,Sweden,Human Benchmarks - Brain Test,爽 朱,Entertainment,0.0,9.0,0,2024-12-31
636,12,Sweden,Lilla Kattungen - Min Katt 3+,Squeakosaurus ug & co. kg,Entertainment,3.85,79.0,108,2024-12-31
637,13,Sweden,Munchkin Level Counter,Steve Jackson Games,Entertainment,5.0,69.0,1,2024-12-31
638,14,Sweden,Hue Fireworks for Philips Hue,iMakeStuff,Entertainment,1.0,29.0,3,2024-12-31
639,15,Sweden,Ελληνική Tηλεόραση,Andreas Stokidis,Entertainment,1.0,9.0,2,2024-12-31
640,16,Sweden,Bingo Generator & Caller,Marc Bouwman,Entertainment,0.0,9.0,0,2024-12-31
641,17,Sweden,Merge Watermelon for watch,活鹏 麦,Entertainment,5.0,9.0,1,2024-12-31
642,18,Sweden,FoalFollow English,Tone Liaboe,Entertainment,0.0,39.0,0,2024-12-31
643,19,Sweden,Number Puzzle Games 4 Watch,长金 胡,Entertainment,0.0,9.0,0,2024-12-31
644,20,Sweden,Universe Splitter,Aerfish LLC,Entertainment,4.7,29.0,23,2024-12-31
645,21,Sweden,Harmony Watch & Siri Control,lubak.net,Entertainment,3.0,39.0,2,2024-12-31
646,22,Sweden,Dog Vision HD,Laan Labs,Entertainment,0.0,29.0,0,2024-12-31
647,23,Sweden,Mönster för pärlplattor,Bo Kalvslund,Entertainment,2.14,9.0,7,2024-12-31
648,24,Sweden,CBeebies Christmas Super Bundle,BBC Worldwide,Entertainment,0.0,14.99,0,2024-12-31
649,25,Sweden,FyDub - YT-videoöversättare,Daniel PerlerA,Entertainment,5.0,129.0,1,2024-12-31
650,1,Sweden,Ta Körkort,Teoriappar Sverige AB,Education,4.78,299.0,28182,2024-12-30
651,2,Sweden,Ta AM-Körkort,Teoriappar Sverige AB,Education,4.78,199.0,3108,2024-12-30
652,3,Sweden,Jägarexamen,Boboshi AB,Education,4.75,299.0,3974,2024-12-30
653,4,Sweden,Babblarna,Filimundus AB,Education,3.14,39.0,51,2024-12-30
654,5,Sweden,iKörkort,Boboshi AB,Education,4.77,199.0,3353,2024-12-30
655,6,Sweden,AnkiMobile Flashcards,Ankitects Pty Ltd,Education,4.65,299.0,69,2024-12-30
656,8,Sweden,SkyView®,Terminal Eleven LLC,Education,4.42,39.0,96,2024-12-30
657,9,Sweden,Ta BE-Körkort,Teoriappar Sverige AB,Education,4.54,299.0,1383,2024-12-30
658,10,Sweden,Pyssla med Mamma Mu och Kråkan,Filimundus AB,Education,4.25,29.0,4,2024-12-30
659,11,Sweden,"Högskoleprovet 2,00",Teoriappar Sverige AB,Education,4.6,299.0,1185,2024-12-30
660,12,Sweden,iKörkort MC,Boboshi AB,Education,4.76,249.0,2499,2024-12-30
661,13,Sweden,Equibodybalance,Hästrehab i Sverige AB,Education,4.36,249.0,76,2024-12-30
662,14,Sweden,Pettsons Uppfinningar,Filimundus AB,Education,3.68,39.0,47,2024-12-30
663,15,Sweden,Pettsons Uppfinningar Deluxe,Filimundus AB,Education,3.98,79.0,85,2024-12-30
664,16,Sweden,Monster Truck Kit,FUNOBI LTD,Education,4.13,49.0,102,2024-12-30
665,17,Sweden,iKörkort Moped,Boboshi AB,Education,4.8,149.0,196,2024-12-30
666,18,Sweden,Teori Taxi Frågor,Feras Alnshawy,Education,4.38,249.0,61,2024-12-30
667,19,Sweden,TAKK+,Bam Språkteknik,Education,3.0,79.0,1,2024-12-30
668,20,Sweden,Gruffalo: Games,Magic Light Pictures Ltd.,Education,5.0,39.0,3,2024-12-30
669,21,Sweden,Stjärna 3D,Sanville Software,Education,4.59,29.0,261,2024-12-30
670,22,Sweden,Stjärna 3D+,Sanville Software,Education,4.64,39.0,547,2024-12-30
671,23,Sweden,PANTHEON - Official,D'Uva Workshop s.r.l.,Education,0.0,29.0,0,2024-12-30
672,24,Sweden,NFB Båtintyg,Nämnden för båtlivsutbildning,Education,3.22,99.0,23,2024-12-30
673,25,Sweden,Ta MC-Körkort,Teoriappar Sverige AB,Education,4.62,299.0,1541,2024-12-30
674,1,Sweden,Ta Körkort,Teoriappar Sverige AB,Education,4.78,299.0,28182,2024-12-31
675,2,Sweden,Ta AM-Körkort,Teoriappar Sverige AB,Education,4.78,199.0,3108,2024-12-31
676,3,Sweden,Jägarexamen,Boboshi AB,Education,4.75,299.0,3974,2024-12-31
677,4,Sweden,Babblarna,Filimundus AB,Education,3.14,39.0,51,2024-12-31
678,5,Sweden,"Högskoleprovet 2,00",Teoriappar Sverige AB,Education,4.6,299.0,1185,2024-12-31
679,6,Sweden,AnkiMobile Flashcards,Ankitects Pty Ltd,Education,4.65,299.0,69,2024-12-31
680,7,Sweden,TAKK+,Bam Språkteknik,Education,3.0,79.0,1,2024-12-31
681,8,Sweden,SkyView®,Terminal Eleven LLC,Education,4.42,39.0,96,2024-12-31
682,9,Sweden,NFB Båtintyg,Nämnden för båtlivsutbildning,Education,3.22,99.0,23,2024-12-31
683,10,Sweden,Ta BE-Körkort,Teoriappar Sverige AB,Education,4.54,299.0,1383,2024-12-31
684,11,Sweden,iKörkort MC,Boboshi AB,Education,4.76,249.0,2499,2024-12-31
685,12,Sweden,iKörkort,Boboshi AB,Education,4.77,199.0,3353,2024-12-31
686,13,Sweden,Pettsons Uppfinningar,Filimundus AB,Education,3.68,39.0,47,2024-12-31
687,14,Sweden,Pettsons Uppfinningar Deluxe,Filimundus AB,Education,3.98,79.0,85,2024-12-31
688,15,Sweden,Teori Taxi Frågor,Feras Alnshawy,Education,4.38,249.0,61,2024-12-31
689,16,Sweden,Ta MC-Körkort,Teoriappar Sverige AB,Education,4.62,299.0,1541,2024-12-31
690,17,Sweden,Duktig Hund!,BDA Better Dog Academy AB,Education,3.98,69.0,44,2024-12-31
691,18,Sweden,Star Walk 2 - Astronomi Guide,Vito Technology Inc.,Education,4.57,39.0,475,2024-12-31
692,19,Sweden,QuizFlick Jr,Happi Papi,Education,5.0,39.0,1,2024-12-31
693,21,Sweden,iKörkort Moped,Boboshi AB,Education,4.8,149.0,196,2024-12-31
694,22,Sweden,Stjärna 3D,Sanville Software,Education,4.59,29.0,261,2024-12-31
695,23,Sweden,Pyssla med Mamma Mu och Kråkan,Filimundus AB,Education,4.25,29.0,4,2024-12-31
696,24,Sweden,Pettsons Uppfinningar 2,Filimundus AB,Education,4.48,39.0,29,2024-12-31
697,25,Sweden,iKörkort BE,Boboshi AB,Education,4.67,299.0,40,2024-12-31
698,1,Switzerland,Schweizer Jasstafel,Simon Steinmann,Entertainment,4.0,1.0,10,2024-12-30
699,2,Switzerland,Universe Splitter,Aerfish LLC,Entertainment,4.95,2.0,21,2024-12-30
700,3,Switzerland,Radio - Receiver,appsolute GmbH,Entertainment,4.64,4.0,952,2024-12-30
701,4,Switzerland,Bärchen Pro,Antonia Lutz,Entertainment,0.0,1.0,0,2024-12-30
702,5,Switzerland,SmartRace für Carrera Digital,Marc Bonsels,Entertainment,4.74,10.0,43,2024-12-30
703,6,Switzerland,GSE SMART IPTV PRO,droidvision,Entertainment,4.25,3.0,142,2024-12-30
704,7,Switzerland,Würfel Pro,Lukas Lubbe,Entertainment,4.81,2.0,16,2024-12-30
705,8,Switzerland,Merge Watermelon for watch,活鹏 麦,Entertainment,0.0,1.0,0,2024-12-30
706,9,Switzerland,AR Spinnen & Co: Erschreck sie,Linda Schnetzinger,Entertainment,5.0,3.0,6,2024-12-30
707,10,Switzerland,Schlaf Gut!,Fox and Sheep GmbH,Entertainment,4.18,4.0,44,2024-12-30
708,11,Switzerland,Countdown App,Ryan Boyling,Entertainment,2.37,1.0,622,2024-12-30
709,12,Switzerland,Shorts Blocker for YouTube,Yevhen Tretiakov,Entertainment,4.0,1.0,4,2024-12-30
710,13,Switzerland,Decide Now!,Catforce Studio,Entertainment,4.8,2.0,10,2024-12-30
711,14,Switzerland,Kleiner Fuchs Eisenbahn,Fox and Sheep GmbH,Entertainment,4.26,4.0,261,2024-12-30
712,15,Switzerland,Geistkontaktsprecher ITC,Jose Martin,Entertainment,5.0,5.0,5,2024-12-30
713,16,Switzerland,BABY born®,Blue Ocean Entertainment AG,Entertainment,2.5,5.0,2,2024-12-30
714,17,Switzerland,Soundstorm for Hue,Scott Dodson,Entertainment,0.0,3.0,0,2024-12-30
715,18,Switzerland,Spiele für senioren - Trainieren Sie Ihren Geist,Lisbon Labs,Entertainment,1.0,2.0,1,2024-12-30
716,19,Switzerland,CiderTV Pro,WAYD LLC,Entertainment,0.0,9.0,0,2024-12-30
717,20,Switzerland,beamerlasershow,Kristof Friess,Entertainment,1.6,20.0,5,2024-12-30
718,21,Switzerland,EuroMillions AI,KyungJin Park,Entertainment,0.0,5.0,0,2024-12-30
719,22,Switzerland,Peter's Zeurkalender 2025,Uitgeverij De Harmonie,Entertainment,0.0,5.0,0,2024-12-30
720,23,Switzerland,Stigma 3 - Magic Trick Tricks,Ioannis Gkortsos,Entertainment,5.0,2.0,1,2024-12-30
721,24,Switzerland,Tivimax IPTV Player (Premium),AFIFA CHAUHDARY,Entertainment,3.75,20.0,4,2024-12-30
722,25,Switzerland,Strange Planet Stickers,"KED, LLC",Entertainment,4.4,2.0,5,2024-12-30
723,1,Switzerland,Schweizer Jasstafel,Simon Steinmann,Entertainment,4.0,1.0,10,2024-12-31
724,2,Switzerland,Universe Splitter,Aerfish LLC,Entertainment,4.95,2.0,21,2024-12-31
725,3,Switzerland,Bärchen Pro,Antonia Lutz,Entertainment,0.0,1.0,0,2024-12-31
726,4,Switzerland,GSE SMART IPTV PRO,droidvision,Entertainment,4.25,3.0,142,2024-12-31
727,5,Switzerland,The Ultimate Buzzer Pro,Kevin Makens,Entertainment,4.67,1.0,18,2024-12-31
728,6,Switzerland,Radio - Receiver,appsolute GmbH,Entertainment,4.64,4.0,952,2024-12-31
729,7,Switzerland,SmartRace für Carrera Digital,Marc Bonsels,Entertainment,4.74,10.0,43,2024-12-31
730,8,Switzerland,Merge Watermelon for watch,活鹏 麦,Entertainment,0.0,1.0,0,2024-12-31
731,9,Switzerland,Schlaf Gut!,Fox and Sheep GmbH,Entertainment,4.18,4.0,44,2024-12-31
732,10,Switzerland,Shorts Blocker for YouTube,Yevhen Tretiakov,Entertainment,4.0,1.0,4,2024-12-31
733,11,Switzerland,Geistkontaktsprecher ITC,Jose Martin,Entertainment,5.0,5.0,5,2024-12-31
734,12,Switzerland,Countdown Star (Keine Werbung),Joseph Merrill,Entertainment,4.57,1.0,317,2024-12-31
735,13,Switzerland,Tivimax IPTV Player (Mobile),AFIFA CHAUHDARY,Entertainment,0.0,15.0,0,2024-12-31
736,14,Switzerland,Blower,Qneo,Entertainment,4.58,2.0,50,2024-12-31
737,15,Switzerland,Kniffel® Gewinnkarte,b-interaktive GmbH,Entertainment,0.0,1.0,0,2024-12-31
738,16,Switzerland,LaCuerda [PRO],NARROI WEBS SC,Entertainment,0.0,3.0,0,2024-12-31
739,17,Switzerland,Wichtel App Wichtelmeister Pro,Lukas Denker,Entertainment,3.67,4.0,3,2024-12-31
740,18,Switzerland,YACReader - Comic Reader,Luis Ángel San Martín,Entertainment,4.65,5.0,63,2024-12-31
741,19,Switzerland,Year Countdown,Sebastien BUET,Entertainment,0.0,1.0,0,2024-12-31
742,20,Switzerland,Book and Movie Library Bundle,"Kimico, Ltd.",Entertainment,0.0,7.99,0,2024-12-31
743,21,Switzerland,Hey Duggee Bumper Bundle,BBC Studios Distribution Ltd.,Entertainment,0.0,9.0,0,2024-12-31
744,22,Switzerland,Bleigiessen-Lexikon,Jan-Hendrik von Kuick,Entertainment,0.0,1.0,0,2024-12-31
745,23,Switzerland,Pixar Stickers: Toy Story 4,Disney,Entertainment,0.0,2.0,0,2024-12-31
746,24,Switzerland,HomeDisco - Smart Home Parties,Miguel Vieira,Entertainment,0.0,1.0,0,2024-12-31
747,25,Switzerland,Digitale Druivelaar 2025,Drukkerij Strobbe BVBA,Entertainment,0.0,5.0,0,2024-12-31
748,1,Switzerland,iTheorie Auto Theorie Schweiz,Swift Management AG,Education,4.72,19.95,24664,2024-12-30
749,2,Switzerland,Auto Theorie Fahrlehrer24,SEO-Lab GmbH,Education,4.64,19.5,1974,2024-12-30
750,3,Switzerland,AutoTheorie in 7 Minuten CH,Swift Management AG,Education,4.53,6.95,824,2024-12-30
751,4,Switzerland,iTheorie Mofa Theorie Schweiz,candybytes GmbH,Education,4.81,9.95,3106,2024-12-30
752,5,Switzerland,AnkiMobile Flashcards,Ankitects Pty Ltd,Education,4.11,25.0,90,2024-12-30
753,7,Switzerland,SkyView®,Terminal Eleven LLC,Education,4.51,3.0,103,2024-12-30
754,8,Switzerland,Auto Theorie Premium,haenni mikhail verlag gmbh,Education,4.61,25.0,247,2024-12-30
755,9,Switzerland,Einbürgerungstest Schweiz,Vexo AG,Education,4.72,12.95,1479,2024-12-30
756,10,Switzerland,iTheorie Taxiprüfung Schweiz,Astag Schweizerischer Nutzfahrzeugverband,Education,4.5,19.95,994,2024-12-30
757,11,Switzerland,Mofa Theorie Fahrlehrer24,SEO-Lab GmbH,Education,4.82,9.5,807,2024-12-30
758,12,Switzerland,iTheorie Traktor Theorie CH,candybytes GmbH,Education,4.72,12.95,909,2024-12-30
759,13,Switzerland,Bootstheorie A+D Schweiz,Swiss Marine Xperts GmbH,Education,4.66,19.95,2059,2024-12-30
760,14,Switzerland,Star Walk 2 - Sternenhimmel AR,Vito Technology Inc.,Education,4.61,3.0,2982,2024-12-30
761,15,Switzerland,Jagd-Lern App,Sichtwerk AG,Education,3.65,18.0,26,2024-12-30
762,16,Switzerland,iTheorie Lastwagen CH Premium,Astag Schweizerischer Nutzfahrzeugverband,Education,4.57,39.95,1973,2024-12-30
763,17,Switzerland,Vokabeltrainer Vallader,Aluis Deragisch,Education,2.42,30.0,12,2024-12-30
764,18,Switzerland,Antolin Lesespiele 1/2,Westermann Digital GmbH,Education,3.6,3.0,10,2024-12-30
765,19,Switzerland,Sterne 3D+: Sternenhimmel,Sanville Software,Education,4.69,3.0,843,2024-12-30
766,20,Switzerland,Sterne 3D,Sanville Software,Education,4.71,2.0,279,2024-12-30
767,21,Switzerland,Schweizerdeutsch lernen,dataWorks GmbH,Education,4.6,3.0,30,2024-12-30
768,22,Switzerland,Tatütata: Wimmel-App Kinder,wonderkind GmbH,Education,3.9,4.0,10,2024-12-30
769,23,Switzerland,StaffWars Live,"TMI Media, LLC",Education,4.28,3.0,78,2024-12-30
770,24,Switzerland,ACS MyATLS,MyATLS,Education,0.0,10.0,0,2024-12-30
771,25,Switzerland,Lesen und schreiben lernen in Klasse 1 mit Zebra,"Ernst Klett Verlag GmbH, Stuttgart",Education,0.0,7.0,0,2024-12-30
772,1,Switzerland,iTheorie Auto Theorie Schweiz,Swift Management AG,Education,4.72,19.95,24664,2024-12-31
773,2,Switzerland,Auto Theorie Fahrlehrer24,SEO-Lab GmbH,Education,4.64,19.5,1974,2024-12-31
774,3,Switzerland,iTheorie Mofa Theorie Schweiz,candybytes GmbH,Education,4.81,9.95,3106,2024-12-31
775,4,Switzerland,AutoTheorie in 7 Minuten CH,Swift Management AG,Education,4.53,6.95,824,2024-12-31
776,5,Switzerland,AnkiMobile Flashcards,Ankitects Pty Ltd,Education,4.11,25.0,90,2024-12-31
777,6,Switzerland,iTheorie Traktor Theorie CH,candybytes GmbH,Education,4.72,12.95,909,2024-12-31
778,7,Switzerland,Bootstheorie A+D Schweiz,Swiss Marine Xperts GmbH,Education,4.66,19.95,2059,2024-12-31
779,8,Switzerland,Auto Theorie Premium,haenni mikhail verlag gmbh,Education,4.61,25.0,247,2024-12-31
780,10,Switzerland,SkyView®,Terminal Eleven LLC,Education,4.51,3.0,103,2024-12-31
781,11,Switzerland,Einbürgerungstest Schweiz,Vexo AG,Education,4.72,12.95,1479,2024-12-31
782,12,Switzerland,Star Walk 2 - Sternenhimmel AR,Vito Technology Inc.,Education,4.61,3.0,2982,2024-12-31
783,13,Switzerland,iTheorie Taxiprüfung Schweiz,Astag Schweizerischer Nutzfahrzeugverband,Education,4.5,19.95,994,2024-12-31
784,14,Switzerland,9/11 Museum Audioführer,National September 11 Memorial & Museum,Education,5.0,10.0,2,2024-12-31
785,15,Switzerland,Sterne 3D,Sanville Software,Education,4.71,2.0,279,2024-12-31
786,16,Switzerland,SaNa Fischerprüfung 2025 Pro,dataWorks GmbH,Education,4.78,5.0,436,2024-12-31
787,17,Switzerland,vTheorie Mofa,haenni mikhail verlag gmbh,Education,4.77,8.0,231,2024-12-31
788,18,Switzerland,Jagd-Lern App,Sichtwerk AG,Education,3.65,18.0,26,2024-12-31
789,19,Switzerland,Sterne 3D+: Sternenhimmel,Sanville Software,Education,4.69,3.0,843,2024-12-31
790,20,Switzerland,Mofa Theorie Fahrlehrer24,SEO-Lab GmbH,Education,4.82,9.5,807,2024-12-31
791,21,Switzerland,iTheorie Lastwagen CH Premium,Astag Schweizerischer Nutzfahrzeugverband,Education,4.57,39.95,1973,2024-12-31
792,22,Switzerland,Antolin Lesespiele 1/2,Westermann Digital GmbH,Education,3.6,3.0,10,2024-12-31
793,23,Switzerland,PANTHEON - Official,D'Uva Workshop s.r.l.,Education,0.0,2.0,0,2024-12-31
794,24,Switzerland,Noten Lesen,Sebastian Mikolai,Education,4.62,5.0,242,2024-12-31
795,25,Switzerland,Mein Flughafen: Wimmel-App,wonderkind GmbH,Education,4.17,1.0,6,2024-12-31
796,1,Taiwan,靈體偵測器,Kai Chi Tsao,Entertainment,4.86,30.0,513,2024-12-30
797,2,Taiwan,Alien10,Saddiq Rahim,Entertainment,3.67,60.0,9,2024-12-30
798,3,Taiwan,PewPewPew - Fingergun,承远 李,Entertainment,5.0,30.0,5,2024-12-30
799,4,Taiwan,nPlayer,Newin Inc.,Entertainment,4.7,150.0,1057,2024-12-30
800,5,Taiwan,zFuse - 影片播放器,"s-joys Co., Ltd.",Entertainment,4.74,30.0,248,2024-12-30
801,6,Taiwan,OPlayer - video player,"Suzhou Totoro Network Technology Co., Ltd.",Entertainment,4.62,90.0,430,2024-12-30
802,7,Taiwan,皇帝養成計畫 - 經典歷史模擬遊戲,懿俊 梁,Entertainment,4.26,90.0,19,2024-12-30
803,8,Taiwan,魚影 - 釣魚模擬器,巍 陈,Entertainment,2.33,30.0,3,2024-12-30
804,9,Taiwan,Yaba Sanshiro 2,Shinya Miyamoto,Entertainment,5.0,150.0,3,2024-12-30
805,10,Taiwan,手表浏览器 Wafari,金燕 毛,Entertainment,0.0,30.0,0,2024-12-30
806,11,Taiwan,FyTube -沒有廣告的 YouTube,Daniel PerlerA,Entertainment,4.06,320.0,70,2024-12-30
807,12,Taiwan,Retroman: 紅白機、遊戲機與遊戲機升級版模擬器,Konstantinos Papadakis,Entertainment,4.86,60.0,65,2024-12-30
808,13,Taiwan,金龍群俠傳S - 影,"ShangHai Heavin Games Network Technology Co.,Ltd.",Entertainment,4.0,60.0,3,2024-12-30
809,14,Taiwan,消除星星-益智的星星消消樂經典手錶消除遊戲,长金 胡,Entertainment,0.0,30.0,0,2024-12-30
810,15,Taiwan,8player Pro,8soft,Entertainment,4.57,150.0,7,2024-12-30
811,16,Taiwan,AirBar: Dice,AIRGO LIMITED,Entertainment,0.0,30.0,0,2024-12-30
812,17,Taiwan,CBeebies Toy Box – Kids Apps for the Whole Family,BBC Worldwide,Entertainment,0.0,6.99,0,2024-12-30
813,18,Taiwan,FyDub - YT 視頻翻譯器,Daniel PerlerA,Entertainment,0.0,320.0,0,2024-12-30
814,19,Taiwan,LSW Collector,Kevin Downard,Entertainment,0.0,150.0,0,2024-12-30
815,20,Taiwan,电子宠物机,活鹏 麦,Entertainment,4.36,60.0,33,2024-12-30
816,21,Taiwan,猜猜看-比手畫腳,HSU HSU CHENG,Entertainment,1.0,30.0,1,2024-12-30
817,22,Taiwan,SLAM DUNK Talkin' to the Rim 2,FLOWER INC.,Entertainment,4.71,60.0,14,2024-12-30
818,23,Taiwan,JRemote,JRiver,Entertainment,0.0,390.0,0,2024-12-30
819,24,Taiwan,倒計時應用 Countdown App,Ryan Boyling,Entertainment,2.7,30.0,241,2024-12-30
820,25,Taiwan,Fireworks Tap,Jesse Potter,Entertainment,5.0,60.0,2,2024-12-30
821,1,Taiwan,靈體偵測器,Kai Chi Tsao,Entertainment,4.86,30.0,513,2024-12-31
822,2,Taiwan,Alien10,Saddiq Rahim,Entertainment,3.67,60.0,9,2024-12-31
823,3,Taiwan,DNA Transform!,Joao Gabriel Menezes,Entertainment,5.0,90.0,5,2024-12-31
824,4,Taiwan,PewPewPew - Fingergun,承远 李,Entertainment,5.0,30.0,5,2024-12-31
825,5,Taiwan,鸭切漫画,道杰 林,Entertainment,0.0,10.0,0,2024-12-31
826,6,Taiwan,OPlayer - video player,"Suzhou Totoro Network Technology Co., Ltd.",Entertainment,4.62,90.0,430,2024-12-31
827,7,Taiwan,Retroman: 紅白機、遊戲機與遊戲機升級版模擬器,Konstantinos Papadakis,Entertainment,4.86,60.0,65,2024-12-31
828,8,Taiwan,麻雀AI小番 - 胡牌分析,雨键 翁,Entertainment,4.22,30.0,9,2024-12-31
829,9,Taiwan,Ciro's Fin de Siècle Kipper,"The Fool's Dog, LLC",Entertainment,0.0,120.0,0,2024-12-31
830,10,Taiwan,Magic Spider - My Pet Boris,Ian Pidgeon,Entertainment,5.0,90.0,5,2024-12-31
831,11,Taiwan,骰盅 十八骰仔,HUAI YIN HSU,Entertainment,5.0,30.0,1,2024-12-31
832,12,Taiwan,字习 Pro,金磊 李,Entertainment,4.8,60.0,5,2024-12-31
833,13,Taiwan,nPlayer,Newin Inc.,Entertainment,4.7,150.0,1057,2024-12-31
834,14,Taiwan,zFuse - 影片播放器,"s-joys Co., Ltd.",Entertainment,4.74,30.0,248,2024-12-31
835,15,Taiwan,灣家寶典 (榮耀黃金版),WAN-SHENG CHEN,Entertainment,4.33,90.0,12,2024-12-31
836,16,Taiwan,皇帝養成計畫 - 經典歷史模擬遊戲,懿俊 梁,Entertainment,4.26,90.0,19,2024-12-31
837,17,Taiwan,魚影 - 釣魚模擬器,巍 陈,Entertainment,2.33,30.0,3,2024-12-31
838,18,Taiwan,Yaba Sanshiro 2,Shinya Miyamoto,Entertainment,5.0,150.0,3,2024-12-31
839,19,Taiwan,手表浏览器 Wafari,金燕 毛,Entertainment,0.0,30.0,0,2024-12-31
840,20,Taiwan,金龍群俠傳S - 影,"ShangHai Heavin Games Network Technology Co.,Ltd.",Entertainment,4.0,60.0,3,2024-12-31
841,21,Taiwan,消除星星-益智的星星消消樂經典手錶消除遊戲,长金 胡,Entertainment,0.0,30.0,0,2024-12-31
842,22,Taiwan,8player Pro,8soft,Entertainment,4.57,150.0,7,2024-12-31
843,23,Taiwan,CBeebies Toy Box – Kids Apps for the Whole Family,BBC Worldwide,Entertainment,0.0,6.99,0,2024-12-31
844,24,Taiwan,FyDub - YT 視頻翻譯器,Daniel PerlerA,Entertainment,0.0,320.0,0,2024-12-31
845,25,Taiwan,LSW Collector,Kevin Downard,Entertainment,0.0,150.0,0,2024-12-31
846,1,Taiwan,AnkiMobile Flashcards,Ankitects Pty Ltd,Education,4.28,790.0,115,2024-12-30
847,2,Taiwan,Wagotabi（和語旅）：學習日語,WAGOTABI LIMITED,Education,5.0,150.0,41,2024-12-30
848,3,Taiwan,每日英语阅读,QianYan Network,Education,4.73,30.0,11,2024-12-30
849,4,Taiwan,國語辭典,隆军 刘,Education,4.0,90.0,365,2024-12-30
850,5,Taiwan,大家學標準日本語：初級本,Soyong Corporation,Education,3.91,190.0,44,2024-12-30
851,6,Taiwan,常春藤基礎英文字彙,Otek International Inc.,Education,4.63,120.0,194,2024-12-30
852,7,Taiwan,成語辭典,隆军 刘,Education,3.76,30.0,180,2024-12-30
853,8,Taiwan,TEDICT,CoCO SWING,Education,4.86,150.0,1070,2024-12-30
854,9,Taiwan,Teach Your Monster to Read,Teach Your Monster,Education,4.83,290.0,105,2024-12-30
855,10,Taiwan,Mensa Brain Test,Barnstorm Games,Education,5.0,60.0,1,2024-12-30
856,11,Taiwan,德比抽識卡 - 樂譜抽識卡！,Luke Bartolomeo,Education,5.0,150.0,3,2024-12-30
857,12,Taiwan,Elmo Loves ABCs,Sesame Workshop (Apps),Education,0.0,150.0,0,2024-12-30
858,13,Taiwan,Ellou - 公主填色畫本 - 寶寶孩子魔法塗色遊戲,Raymond GUITTONNEAU,Education,4.67,120.0,3,2024-12-30
859,14,Taiwan,乘法表，九九，數學練習，數學遊戲,Kominak Studio,Education,0.0,490.0,0,2024-12-30
860,15,Taiwan,RakugakiAR,Whatever Co.,Education,4.68,30.0,1013,2024-12-30
861,16,Taiwan,大家的日本語 初級 第二版,南京鹏宇科技有限公司,Education,4.0,150.0,8,2024-12-30
862,17,Taiwan,大家的日本語初級1-改訂版,阳 付,Education,3.64,90.0,143,2024-12-30
863,18,Taiwan,蒙哥英语原版阅读器 (Meerkat Reader),建 林,Education,4.0,90.0,27,2024-12-30
864,19,Taiwan,注音學習卡 PRO,Ta Chang Song,Education,4.49,60.0,1310,2024-12-30
865,20,Taiwan,ExploreX for Google Search,Malik Hamza Khalid,Education,0.0,60.0,0,2024-12-30
866,21,Taiwan,日語日常用語-學習日本語基礎會話句型,佩佩 伍,Education,4.8,60.0,5,2024-12-30
867,22,Taiwan,PANTHEON - Official,D'Uva Workshop s.r.l.,Education,0.0,60.0,0,2024-12-30
868,23,Taiwan,B777 Flight Deck,faisal sadafi,Education,0.0,1.0,0,2024-12-30
869,24,Taiwan,AlQuran Terjemahan Indonesia,Abdulkarim Nasir,Education,0.0,60.0,0,2024-12-30
870,25,Taiwan,4000 Essential English Words ⑴,水生 王,Education,0.0,0.0,0,2024-12-30
871,1,Taiwan,AnkiMobile Flashcards,Ankitects Pty Ltd,Education,4.28,790.0,115,2024-12-31
872,2,Taiwan,Wagotabi（和語旅）：學習日語,WAGOTABI LIMITED,Education,5.0,150.0,41,2024-12-31
873,3,Taiwan,"TOEIC 關鍵金色字彙, 繁體中文版",Otek International Inc.,Education,4.53,90.0,92,2024-12-31
874,4,Taiwan,國語辭典,隆军 刘,Education,4.0,90.0,365,2024-12-31
875,5,Taiwan,Ellou - 公主填色畫本 - 寶寶孩子魔法塗色遊戲,Raymond GUITTONNEAU,Education,4.67,120.0,3,2024-12-31
876,6,Taiwan,自然發音速成寶典,Otek International Inc.,Education,4.54,90.0,52,2024-12-31
877,7,Taiwan,常春藤進階英文字彙,Otek International Inc.,Education,4.59,120.0,196,2024-12-31
878,8,Taiwan,大家學標準日本語全系列,Soyong Corporation,Education,0.0,8.99,0,2024-12-31
879,9,Taiwan,Prepware Commercial Pilot,ASA,Education,2.25,320.0,4,2024-12-31
880,10,Taiwan,PhET 互動式模擬教材,University of Colorado Boulder,Education,3.43,30.0,7,2024-12-31
881,11,Taiwan,四維空間,Lunar Skydiving LLC,Education,4.74,90.0,54,2024-12-31
882,12,Taiwan,Prepware Instrument Pilot,ASA,Education,0.0,320.0,0,2024-12-31
883,13,Taiwan,Vascular system,VIRTUAL FILAMENTS PRIVATE LIMITED,Education,0.0,60.0,0,2024-12-31
884,14,Taiwan,每日英语阅读,QianYan Network,Education,4.73,30.0,11,2024-12-31
885,15,Taiwan,大家學標準日本語：初級本,Soyong Corporation,Education,3.91,190.0,44,2024-12-31
886,16,Taiwan,常春藤基礎英文字彙,Otek International Inc.,Education,4.63,120.0,194,2024-12-31
887,17,Taiwan,成語辭典,隆军 刘,Education,3.76,30.0,180,2024-12-31
888,18,Taiwan,TEDICT,CoCO SWING,Education,4.86,150.0,1070,2024-12-31
889,19,Taiwan,Teach Your Monster to Read,Teach Your Monster,Education,4.83,290.0,105,2024-12-31
890,20,Taiwan,Mensa Brain Test,Barnstorm Games,Education,5.0,60.0,1,2024-12-31
891,21,Taiwan,德比抽識卡 - 樂譜抽識卡！,Luke Bartolomeo,Education,5.0,150.0,3,2024-12-31
892,22,Taiwan,Elmo Loves ABCs,Sesame Workshop (Apps),Education,0.0,150.0,0,2024-12-31
893,23,Taiwan,乘法表，九九，數學練習，數學遊戲,Kominak Studio,Education,0.0,490.0,0,2024-12-31
894,24,Taiwan,RakugakiAR,Whatever Co.,Education,4.68,30.0,1013,2024-12-31
895,25,Taiwan,大家的日本語 初級 第二版,南京鹏宇科技有限公司,Education,4.0,150.0,8,2024-12-31
896,1,Thailand,AVPlayer,EPLAYWORKS,Entertainment,4.03,99.0,61,2024-12-30
897,2,Thailand,Alien10,Saddiq Rahim,Entertainment,4.44,79.0,9,2024-12-30
898,3,Thailand,Countdown App,Ryan Boyling,Entertainment,2.46,29.0,296,2024-12-30
899,4,Thailand,Youtify + for Spotify Premium,"KISSAPP, S.L.",Entertainment,4.48,79.0,42,2024-12-30
900,5,Thailand,PhotoPrediction (Magic Trick),Guilherme Del Frate,Entertainment,3.0,399.0,1,2024-12-30
901,6,Thailand,完蛋！我被美女包围了！,"GUANGZHOU XIAOYOU CONTENT INTERACTIVE ENTERTAINMENT CO., LTD.",Entertainment,5.0,9.0,1,2024-12-30
902,7,Thailand,Pocket God,Bolt Creative,Entertainment,3.67,29.0,6,2024-12-30
903,8,Thailand,Universe Splitter,Aerfish LLC,Entertainment,4.95,79.0,19,2024-12-30
904,9,Thailand,DNA Transform!,Joao Gabriel Menezes,Entertainment,3.2,99.0,5,2024-12-30
905,10,Thailand,GSE SMART IPTV PRO,droidvision,Entertainment,5.0,99.0,1,2024-12-30
906,11,Thailand,Promayarn,Angkoon Jiriyasin,Entertainment,4.49,1.0,39,2024-12-30
907,12,Thailand,Little Kitten App Bundle for Kids! (3 apps),Squeakosaurus ug & co. kg,Entertainment,3.0,499.0,2,2024-12-30
908,13,Thailand,KMPlayer+ Divx Codec,"PANDORATV Co.,Ltd",Entertainment,3.86,149.0,7,2024-12-30
909,14,Thailand,ไฟฉายไฟเทคแฟลชดิสโก้ DJ PRO,Roman Kirihetov,Entertainment,5.0,399.0,1,2024-12-30
910,15,Thailand,iWatermelon Deluxe,LookAndFeel,Entertainment,5.0,29.0,1,2024-12-30
911,16,Thailand,PewPewPew - Fingergun,承远 李,Entertainment,0.0,29.0,0,2024-12-30
912,17,Thailand,Retroman: GameBoy NES Emulator,Konstantinos Papadakis,Entertainment,5.0,79.0,1,2024-12-30
913,18,Thailand,Witches Tarot,"The Fool's Dog, LLC",Entertainment,5.0,149.0,4,2024-12-30
914,19,Thailand,My Ancestry - Who Look Alike,Hussain Barakat,Entertainment,0.0,199.0,0,2024-12-30
915,20,Thailand,OPlayer - video player,"Suzhou Totoro Network Technology Co., Ltd.",Entertainment,4.59,99.0,158,2024-12-30
916,21,Thailand,VRPlayer Pro : 2D 3D 360°Video,LEE DONG WON,Entertainment,3.5,79.0,4,2024-12-30
917,22,Thailand,VLC Streamer Pro,Hobbyist Software Limited,Entertainment,4.56,299.0,32,2024-12-30
918,23,Thailand,Card2Phone,Halskov,Entertainment,3.33,199.0,12,2024-12-30
919,24,Thailand,GoodPlayer,"Wuhan TrustComputing IT Co., Ltd.",Entertainment,3.25,99.0,4,2024-12-30
920,25,Thailand,Decide Now! — Random Wheel,Catforce Studio,Entertainment,4.5,79.0,30,2024-12-30
921,1,Thailand,Promayarn,Angkoon Jiriyasin,Entertainment,4.49,1.0,39,2024-12-31
922,2,Thailand,Alien10,Saddiq Rahim,Entertainment,4.44,79.0,9,2024-12-31
923,3,Thailand,New Pixels,丽 张,Entertainment,3.83,149.0,12,2024-12-31
924,4,Thailand,Play: Save Videos Watch Later,Loop Apps LTDA,Entertainment,5.0,99.0,5,2024-12-31
925,5,Thailand,Speech To 3D Text,Heng Jia Liang,Entertainment,0.0,99.0,0,2024-12-31
926,6,Thailand,AVPlayer,EPLAYWORKS,Entertainment,4.03,99.0,61,2024-12-31
927,7,Thailand,Countdown App,Ryan Boyling,Entertainment,2.46,29.0,296,2024-12-31
928,8,Thailand,Youtify + for Spotify Premium,"KISSAPP, S.L.",Entertainment,4.48,79.0,42,2024-12-31
929,9,Thailand,PhotoPrediction (Magic Trick),Guilherme Del Frate,Entertainment,3.0,399.0,1,2024-12-31
930,10,Thailand,完蛋！我被美女包围了！,"GUANGZHOU XIAOYOU CONTENT INTERACTIVE ENTERTAINMENT CO., LTD.",Entertainment,5.0,9.0,1,2024-12-31
931,11,Thailand,Pocket God,Bolt Creative,Entertainment,3.67,29.0,6,2024-12-31
932,12,Thailand,Universe Splitter,Aerfish LLC,Entertainment,4.95,79.0,19,2024-12-31
933,13,Thailand,DNA Transform!,Joao Gabriel Menezes,Entertainment,3.2,99.0,5,2024-12-31
934,14,Thailand,GSE SMART IPTV PRO,droidvision,Entertainment,5.0,99.0,1,2024-12-31
935,15,Thailand,Little Kitten App Bundle for Kids! (3 apps),Squeakosaurus ug & co. kg,Entertainment,3.0,499.0,2,2024-12-31
936,16,Thailand,KMPlayer+ Divx Codec,"PANDORATV Co.,Ltd",Entertainment,3.86,149.0,7,2024-12-31
937,17,Thailand,ไฟฉายไฟเทคแฟลชดิสโก้ DJ PRO,Roman Kirihetov,Entertainment,5.0,399.0,1,2024-12-31
938,18,Thailand,iWatermelon Deluxe,LookAndFeel,Entertainment,5.0,29.0,1,2024-12-31
939,19,Thailand,PewPewPew - Fingergun,承远 李,Entertainment,0.0,29.0,0,2024-12-31
940,20,Thailand,Retroman: GameBoy NES Emulator,Konstantinos Papadakis,Entertainment,5.0,79.0,1,2024-12-31
941,21,Thailand,OPlayer - video player,"Suzhou Totoro Network Technology Co., Ltd.",Entertainment,4.59,99.0,158,2024-12-31
942,22,Thailand,VRPlayer Pro : 2D 3D 360°Video,LEE DONG WON,Entertainment,3.5,79.0,4,2024-12-31
943,23,Thailand,VLC Streamer Pro,Hobbyist Software Limited,Entertainment,4.56,299.0,32,2024-12-31
944,24,Thailand,Card2Phone,Halskov,Entertainment,3.33,199.0,12,2024-12-31
945,25,Thailand,GoodPlayer,"Wuhan TrustComputing IT Co., Ltd.",Entertainment,3.25,99.0,4,2024-12-31
946,1,Thailand,Memmoread - TOEIC® Listening,Nuttawee Owat,Education,4.56,149.0,209,2024-12-30
947,2,Thailand,Memmoread - TOEIC® Reading,Nuttawee Owat,Education,4.37,149.0,245,2024-12-30
948,3,Thailand,n4Studies,Chetta Ngamjarus,Education,4.96,79.0,27,2024-12-30
949,4,Thailand,Daxiang Dictionary,Praveenud Apiwattanahirun,Education,3.39,199.0,153,2024-12-30
950,5,Thailand,Dr. Panda's Ice Cream Truck,Dr. Panda Ltd,Education,4.56,149.0,9,2024-12-30
951,6,Thailand,Star Walk 2 - คู่มือดาราศาสตร์,Vito Technology Inc.,Education,4.8,99.0,407,2024-12-30
952,7,Thailand,PhET Simulations,University of Colorado Boulder,Education,4.55,29.0,11,2024-12-30
953,8,Thailand,750 คำศัพท์สอบ TOEIC,Nuttawee Owat,Education,2.95,29.0,21,2024-12-30
954,9,Thailand,Dr. Panda Ice Cream Truck 2,Dr. Panda Ltd,Education,4.0,99.0,1,2024-12-30
955,10,Thailand,SkyView®,Terminal Eleven LLC,Education,5.0,99.0,13,2024-12-30
956,11,Thailand,Dr. Panda Mailman,Dr. Panda Ltd,Education,4.5,149.0,2,2024-12-30
957,12,Thailand,Thaiphonics - Thai Keyboard,Craig Ruksznis,Education,5.0,79.0,1,2024-12-30
958,13,Thailand,Numberblocks Treasure Hunt,Blue-Zoo,Education,0.0,199.0,0,2024-12-30
959,14,Thailand,AnkiMobile Flashcards,Ankitects Pty Ltd,Education,4.55,999.0,29,2024-12-30
960,15,Thailand,RakugakiAR,Whatever Co.,Education,4.41,29.0,93,2024-12-30
961,16,Thailand,StarMap 3D+ Plus,Sanville Software,Education,4.66,99.0,41,2024-12-30
962,17,Thailand,Star Rover - Stargazing Guide,寒飞 易,Education,4.89,79.0,19,2024-12-30
963,18,Thailand,GENKI Conjugation Cards,"The Japan Times Publishing, Ltd.",Education,0.0,199.0,0,2024-12-30
964,19,Thailand,GENKI Vocab for 3rd Ed.,"The Japan Times Publishing, Ltd.",Education,0.0,199.0,0,2024-12-30
965,20,Thailand,Space Apps - Explore the Universe and Night Sky Map,Vito Technology Inc.,Education,0.0,199.0,0,2024-12-30
966,21,Thailand,GENKI Kanji for 3rd Ed.,"The Japan Times Publishing, Ltd.",Education,0.0,199.0,0,2024-12-30
967,22,Thailand,LEGO® DUPLO® DOCTOR,StoryToys Limited,Education,4.5,199.0,4,2024-12-30
968,23,Thailand,Dutch Speaking Trainer,Davit Mayilyan,Education,0.0,29.0,0,2024-12-30
969,24,Thailand,n4Studies Plus,Chetta Ngamjarus,Education,5.0,299.0,1,2024-12-30
970,25,Thailand,Chinese Pro - Thai dictionary,Dmitry Zaika,Education,4.38,399.0,21,2024-12-30
971,1,Thailand,Memmoread - TOEIC® Reading,Nuttawee Owat,Education,4.37,149.0,245,2024-12-31
972,2,Thailand,Memmoread - TOEIC® Listening,Nuttawee Owat,Education,4.56,149.0,209,2024-12-31
973,3,Thailand,750 คำศัพท์สอบ TOEIC,Nuttawee Owat,Education,2.95,29.0,21,2024-12-31
974,4,Thailand,Daxiang Dictionary,Praveenud Apiwattanahirun,Education,3.39,199.0,153,2024-12-31
975,5,Thailand,Star Walk 2 - คู่มือดาราศาสตร์,Vito Technology Inc.,Education,4.8,99.0,407,2024-12-31
976,6,Thailand,SkyView®,Terminal Eleven LLC,Education,5.0,99.0,13,2024-12-31
977,7,Thailand,StarMap 3D+ Plus,Sanville Software,Education,4.66,99.0,41,2024-12-31
978,8,Thailand,ตึกระฟ้า Tinybop,Tinybop Inc.,Education,2.33,149.0,3,2024-12-31
979,9,Thailand,Oxford-River Books Concise,"English Channel, Inc.",Education,4.64,399.0,42,2024-12-31
980,10,Thailand,Oxford Dictionary of English 2,"English Channel, Inc.",Education,5.0,499.0,4,2024-12-31
981,11,Thailand,Oxford Thesaurus of English 2,"English Channel, Inc.",Education,5.0,399.0,3,2024-12-31
982,12,Thailand,n4Studies,Chetta Ngamjarus,Education,4.96,79.0,27,2024-12-31
983,13,Thailand,Dr. Panda's Ice Cream Truck,Dr. Panda Ltd,Education,4.56,149.0,9,2024-12-31
984,14,Thailand,PhET Simulations,University of Colorado Boulder,Education,4.55,29.0,11,2024-12-31
985,15,Thailand,Dr. Panda Ice Cream Truck 2,Dr. Panda Ltd,Education,4.0,99.0,1,2024-12-31
986,16,Thailand,Dr. Panda Mailman,Dr. Panda Ltd,Education,4.5,149.0,2,2024-12-31
987,17,Thailand,Thaiphonics - Thai Keyboard,Craig Ruksznis,Education,5.0,79.0,1,2024-12-31
988,18,Thailand,Numberblocks Treasure Hunt,Blue-Zoo,Education,0.0,199.0,0,2024-12-31
989,19,Thailand,AnkiMobile Flashcards,Ankitects Pty Ltd,Education,4.55,999.0,29,2024-12-31
990,20,Thailand,RakugakiAR,Whatever Co.,Education,4.41,29.0,93,2024-12-31
991,21,Thailand,Star Rover - Stargazing Guide,寒飞 易,Education,4.89,79.0,19,2024-12-31
992,22,Thailand,GENKI Conjugation Cards,"The Japan Times Publishing, Ltd.",Education,0.0,199.0,0,2024-12-31
993,23,Thailand,GENKI Vocab for 3rd Ed.,"The Japan Times Publishing, Ltd.",Education,0.0,199.0,0,2024-12-31
994,24,Thailand,Space Apps - Explore the Universe and Night Sky Map,Vito Technology Inc.,Education,0.0,199.0,0,2024-12-31
995,25,Thailand,GENKI Kanji for 3rd Ed.,"The Japan Times Publishing, Ltd.",Education,0.0,199.0,0,2024-12-31
